date,MKPRU
16-Aug-2010,0.0769
18-Aug-2010,0.0688
19-Aug-2010,0.0667
20-Aug-2010,0.07
21-Aug-2010,0.0664
22-Aug-2010,0.066
23-Aug-2010,0.07
24-Aug-2010,0.0665
25-Aug-2010,0.0665
26-Aug-2010,0.07
27-Aug-2010,0.065
28-Aug-2010,0.0648
29-Aug-2010,0.06
30-Aug-2010,0.065
31-Aug-2010,0.0649
01-Sep-2010,0.06
02-Sep-2010,0.0634
03-Sep-2010,0.0613
04-Sep-2010,0.06
05-Sep-2010,0.064
06-Sep-2010,0.0618
07-Sep-2010,0.06
08-Sep-2010,0.0624
09-Sep-2010,0.062
10-Sep-2010,0.06
11-Sep-2010,0.065
12-Sep-2010,0.062
13-Sep-2010,0.06
14-Sep-2010,0.175
15-Sep-2010,0.0619
16-Sep-2010,0.15
17-Sep-2010,0.0609
18-Sep-2010,0.0626
19-Sep-2010,0.06
20-Sep-2010,0.0633
21-Sep-2010,0.0628
22-Sep-2010,0.06
23-Sep-2010,0.0628
24-Sep-2010,0.0624
25-Sep-2010,0.06
26-Sep-2010,0.0622
27-Sep-2010,0.0627
28-Sep-2010,0.06
29-Sep-2010,0.0619
30-Sep-2010,0.062
01-Oct-2010,0.06
02-Oct-2010,0.0614
03-Oct-2010,0.062
04-Oct-2010,0.06
05-Oct-2010,0.0633
06-Oct-2010,0.0638
07-Oct-2010,0.06
08-Oct-2010,0.12
09-Oct-2010,0.12
10-Oct-2010,0.12
11-Oct-2010,0.099
12-Oct-2010,0.095
13-Oct-2010,0.1
14-Oct-2010,0.119
15-Oct-2010,0.109
16-Oct-2010,0.12
17-Oct-2010,0.103
18-Oct-2010,0.1024
19-Oct-2010,0.1
20-Oct-2010,0.109
21-Oct-2010,0.107
22-Oct-2010,0.11
23-Oct-2010,0.19
24-Oct-2010,0.15
25-Oct-2010,0.18
26-Oct-2010,0.19
27-Oct-2010,0.19
28-Oct-2010,0.19
29-Oct-2010,0.1919
30-Oct-2010,0.199
31-Oct-2010,0.19
01-Nov-2010,0.1955
02-Nov-2010,0.275
03-Nov-2010,0.21
04-Nov-2010,0.2399
05-Nov-2010,0.29
06-Nov-2010,0.25
07-Nov-2010,0.37
08-Nov-2010,0.3368
09-Nov-2010,0.36
10-Nov-2010,0.24
11-Nov-2010,0.251
12-Nov-2010,0.24
13-Nov-2010,0.299
14-Nov-2010,0.2828
15-Nov-2010,0.3
16-Nov-2010,0.28
17-Nov-2010,0.29
18-Nov-2010,0.28
19-Nov-2010,0.289
20-Nov-2010,0.29
21-Nov-2010,0.29
22-Nov-2010,0.2879
23-Nov-2010,0.283
24-Nov-2010,0.29
25-Nov-2010,0.289
26-Nov-2010,0.2844
27-Nov-2010,0.29
28-Nov-2010,0.279
29-Nov-2010,0.275
30-Nov-2010,0.28
01-Dec-2010,0.25
02-Dec-2010,0.2553
03-Dec-2010,0.25
04-Dec-2010,0.235
05-Dec-2010,0.225
06-Dec-2010,0.23
07-Dec-2010,0.2477
08-Dec-2010,0.2388
09-Dec-2010,0.25
10-Dec-2010,0.2275
11-Dec-2010,0.228
12-Dec-2010,0.23
13-Dec-2010,0.23
14-Dec-2010,0.2468
15-Dec-2010,0.23
16-Dec-2010,0.255
17-Dec-2010,0.249
18-Dec-2010,0.25
19-Dec-2010,0.275
20-Dec-2010,0.2691
21-Dec-2010,0.27
22-Dec-2010,0.25
23-Dec-2010,0.25
24-Dec-2010,0.25
25-Dec-2010,0.27
26-Dec-2010,0.265
27-Dec-2010,0.27
28-Dec-2010,0.301
29-Dec-2010,0.3
30-Dec-2010,0.3
31-Dec-2010,0.3
01-Jan-2011,0.3
02-Jan-2011,0.3
03-Jan-2011,0.2999
04-Jan-2011,0.299
05-Jan-2011,0.3
06-Jan-2011,0.322
07-Jan-2011,0.3229
08-Jan-2011,0.32
09-Jan-2011,0.329
10-Jan-2011,0.329
11-Jan-2011,0.33
12-Jan-2011,0.405
13-Jan-2011,0.45
14-Jan-2011,0.42
15-Jan-2011,0.4
16-Jan-2011,0.4
17-Jan-2011,0.4
18-Jan-2011,0.3401
19-Jan-2011,0.3675
20-Jan-2011,0.35
21-Jan-2011,0.4299
22-Jan-2011,0.4443
23-Jan-2011,0.43
24-Jan-2011,0.425
25-Jan-2011,0.425
26-Jan-2011,0.43
27-Jan-2011,0.45
28-Jan-2011,0.446
29-Jan-2011,0.45
30-Jan-2011,0.5
31-Jan-2011,0.95
01-Feb-2011,0.61
02-Feb-2011,0.75
03-Feb-2011,0.88
04-Feb-2011,0.78
05-Feb-2011,0.92
06-Feb-2011,0.9058
07-Feb-2011,0.92
08-Feb-2011,0.935
09-Feb-2011,1.1
10-Feb-2011,0.97
11-Feb-2011,1.0899
12-Feb-2011,1.08
13-Feb-2011,1.09
14-Feb-2011,1.085
15-Feb-2011,1.0502
16-Feb-2011,1.08
17-Feb-2011,1.0502
18-Feb-2011,1.02
19-Feb-2011,1.04
20-Feb-2011,0.8796
21-Feb-2011,0.8695
22-Feb-2011,0.88
23-Feb-2011,0.9499
24-Feb-2011,1
25-Feb-2011,0.96
26-Feb-2011,0.96
27-Feb-2011,0.9492
28-Feb-2011,0.96
01-Mar-2011,0.9498
02-Mar-2011,0.94
03-Mar-2011,0.95
04-Mar-2011,0.9189
05-Mar-2011,0.9104
06-Mar-2011,0.92
07-Mar-2011,0.9072
08-Mar-2011,0.8838
09-Mar-2011,0.9
10-Mar-2011,0.9329
11-Mar-2011,0.9197
12-Mar-2011,0.93
13-Mar-2011,0.9
14-Mar-2011,0.8999
15-Mar-2011,0.9
16-Mar-2011,0.88
17-Mar-2011,0.8506
18-Mar-2011,0.87
19-Mar-2011,0.79
20-Mar-2011,0.7883
21-Mar-2011,0.79
22-Mar-2011,0.85
23-Mar-2011,0.9
24-Mar-2011,0.86
25-Mar-2011,0.905
26-Mar-2011,0.8958
27-Mar-2011,0.9
28-Mar-2011,0.8
29-Mar-2011,0.795
30-Mar-2011,0.8
31-Mar-2011,0.8
01-Apr-2011,0.797
02-Apr-2011,0.8
03-Apr-2011,0.79
04-Apr-2011,0.71
05-Apr-2011,0.77
06-Apr-2011,0.7677
07-Apr-2011,0.799
08-Apr-2011,0.78
09-Apr-2011,0.7589
10-Apr-2011,0.781
11-Apr-2011,0.76
12-Apr-2011,1
13-Apr-2011,0.94
14-Apr-2011,0.99
15-Apr-2011,1.095
16-Apr-2011,1.085
17-Apr-2011,1.09
18-Apr-2011,1.19
19-Apr-2011,1.1979
20-Apr-2011,1.19
21-Apr-2011,1.332
22-Apr-2011,1.549
23-Apr-2011,1.38
24-Apr-2011,1.701
25-Apr-2011,1.73
26-Apr-2011,1.71
27-Apr-2011,2.65
28-Apr-2011,2.7
29-Apr-2011,2.66
30-Apr-2011,4.09
01-May-2011,3.495
02-May-2011,3.95
03-May-2011,3.58
04-May-2011,3.5
05-May-2011,3.56
06-May-2011,3.7
07-May-2011,3.9
08-May-2011,3.75
09-May-2011,5.2
10-May-2011,6.065
11-May-2011,5.41
12-May-2011,8.45
13-May-2011,8.9
14-May-2011,8.56
15-May-2011,8.5
16-May-2011,8.389
17-May-2011,8.47
18-May-2011,7.34
19-May-2011,7.1
20-May-2011,7.28
21-May-2011,6.61
22-May-2011,7.45
23-May-2011,6.81
24-May-2011,7.51
25-May-2011,9.33
26-May-2011,7.95
27-May-2011,8.735
28-May-2011,8.4992
29-May-2011,8.68
30-May-2011,9.4998
31-May-2011,9.391
01-Jun-2011,9.47
02-Jun-2011,14.3
03-Jun-2011,17.41
04-Jun-2011,15.05
05-Jun-2011,19.23
06-Jun-2011,19.06
07-Jun-2011,19.19
08-Jun-2011,31.5
09-Jun-2011,35
10-Jun-2011,32.34
11-Jun-2011,24.99
12-Jun-2011,24.5
13-Jun-2011,24.87
14-Jun-2011,20
15-Jun-2011,19.96
16-Jun-2011,19.99
17-Jun-2011,17.2
18-Jun-2011,18.8766
19-Jun-2011,17.6
20-Jun-2011,15.5
21-Jun-2011,15.05
22-Jun-2011,15.39
23-Jun-2011,16.7501
24-Jun-2011,17.6
25-Jun-2011,16.95
26-Jun-2011,18
27-Jun-2011,17.52
28-Jun-2011,17.89
29-Jun-2011,17.5
30-Jun-2011,17
01-Jul-2011,17.38
02-Jul-2011,15.7
03-Jul-2011,15.85
04-Jul-2011,15.74
05-Jul-2011,16.5
06-Jul-2011,16.25
07-Jul-2011,16.44
08-Jul-2011,15
09-Jul-2011,15.68
10-Jul-2011,15.16
11-Jul-2011,14.6399
12-Jul-2011,14.15
13-Jul-2011,14.52
14-Jul-2011,14.3
15-Jul-2011,14.1
16-Jul-2011,14.25
17-Jul-2011,13.6901
18-Jul-2011,14.7
19-Jul-2011,13.93
20-Jul-2011,13.9389
21-Jul-2011,13.9389
22-Jul-2011,13.94
23-Jul-2011,13.98
24-Jul-2011,14.7399
25-Jul-2011,14.16
26-Jul-2011,14.13
27-Jul-2011,14
28-Jul-2011,14.1
29-Jul-2011,13.8
30-Jul-2011,14.8999
31-Jul-2011,14.06
01-Aug-2011,13.45
02-Aug-2011,13.1
03-Aug-2011,13.37
04-Aug-2011,11.55
05-Aug-2011,11
06-Aug-2011,11.42
07-Aug-2011,8.89
08-Aug-2011,12.1
09-Aug-2011,9.66
10-Aug-2011,10.4959
11-Aug-2011,9.8952
12-Aug-2011,10.35
13-Aug-2011,11.24
14-Aug-2011,11.89
15-Aug-2011,11.4
16-Aug-2011,11.3
17-Aug-2011,11.67
18-Aug-2011,11.39
19-Aug-2011,11.798
20-Aug-2011,11.59
21-Aug-2011,11.75
22-Aug-2011,11.49
23-Aug-2011,11.4
24-Aug-2011,11.47
25-Aug-2011,10.3
26-Aug-2011,9.11
27-Aug-2011,10.01
28-Aug-2011,9.4811
29-Aug-2011,9.1503
30-Aug-2011,9.4
31-Aug-2011,8.4493
01-Sep-2011,8.4989
02-Sep-2011,8.46
03-Sep-2011,8.594
04-Sep-2011,8.467
05-Sep-2011,8.56
06-Sep-2011,7.5992
07-Sep-2011,7.3151
08-Sep-2011,7.53
09-Sep-2011,6.2089
10-Sep-2011,7.4
11-Sep-2011,6.49
12-Sep-2011,6.25
13-Sep-2011,5.99
14-Sep-2011,6.19
15-Sep-2011,5.23
16-Sep-2011,5.022
17-Sep-2011,5.18
18-Sep-2011,5.6
19-Sep-2011,6.795
20-Sep-2011,5.89
21-Sep-2011,5.83
22-Sep-2011,5.7065
23-Sep-2011,5.8
24-Sep-2011,5.5
25-Sep-2011,5.4601
26-Sep-2011,5.49
27-Sep-2011,4.989
28-Sep-2011,4.809
29-Sep-2011,4.95
30-Sep-2011,5.3
01-Oct-2011,5.16
02-Oct-2011,5.27
03-Oct-2011,5.03
04-Oct-2011,5.025
05-Oct-2011,5.03
06-Oct-2011,4.85
07-Oct-2011,4.594
08-Oct-2011,4.79
09-Oct-2011,4.2594
10-Oct-2011,4.14
11-Oct-2011,4.23
12-Oct-2011,4.45
13-Oct-2011,4.1146
14-Oct-2011,4.37
15-Oct-2011,3.9009
16-Oct-2011,3.76
17-Oct-2011,3.87
18-Oct-2011,2.65
19-Oct-2011,2.42
20-Oct-2011,2.59
21-Oct-2011,3.3
22-Oct-2011,3.36
23-Oct-2011,3.31
24-Oct-2011,3.04
25-Oct-2011,2.876
26-Oct-2011,3
27-Oct-2011,3.255
28-Oct-2011,3.8272
29-Oct-2011,3.39
30-Oct-2011,3.388
31-Oct-2011,3.35
01-Nov-2011,3.38
02-Nov-2011,3.299
03-Nov-2011,3.2187
04-Nov-2011,3.28
05-Nov-2011,3.05
06-Nov-2011,3.0289
07-Nov-2011,3.04
08-Nov-2011,3.114
09-Nov-2011,3
10-Nov-2011,3.09
11-Nov-2011,3.11
12-Nov-2011,3.099
13-Nov-2011,3.11
14-Nov-2011,2.69
15-Nov-2011,2.6
16-Nov-2011,2.67
17-Nov-2011,2.39
18-Nov-2011,2.3
19-Nov-2011,2.37
20-Nov-2011,2.29
21-Nov-2011,2.35
22-Nov-2011,2.3
23-Nov-2011,2.46
24-Nov-2011,2.56
25-Nov-2011,2.48
26-Nov-2011,2.4965
27-Nov-2011,2.539
28-Nov-2011,2.51
29-Nov-2011,2.959
30-Nov-2011,3.14
01-Dec-2011,3
02-Dec-2011,3.13
03-Dec-2011,2.99
04-Dec-2011,3.1
05-Dec-2011,3.05
06-Dec-2011,3.082
07-Dec-2011,3.06
08-Dec-2011,3.039
09-Dec-2011,3.04
10-Dec-2011,3.04
11-Dec-2011,3.3424
12-Dec-2011,3.3
13-Dec-2011,3.33
14-Dec-2011,3.1933
15-Dec-2011,3.23
16-Dec-2011,3.2
17-Dec-2011,3.25
18-Dec-2011,3.7004
19-Dec-2011,3.36
20-Dec-2011,4.11
21-Dec-2011,3.992
22-Dec-2011,4.08
23-Dec-2011,3.9499
24-Dec-2011,4.3897
25-Dec-2011,4.06
26-Dec-2011,4.06
27-Dec-2011,4.1889
28-Dec-2011,4.09
29-Dec-2011,4.3
30-Dec-2011,4.995
31-Dec-2011,4.47
01-Jan-2012,5.4999
02-Jan-2012,5.29
03-Jan-2012,5.45
04-Jan-2012,6.399
05-Jan-2012,7.22
06-Jan-2012,6.6
07-Jan-2012,7.2
08-Jan-2012,7.2
09-Jan-2012,7.2
10-Jan-2012,7.138
11-Jan-2012,6.997
12-Jan-2012,7.1
13-Jan-2012,6.75
14-Jan-2012,6.99
15-Jan-2012,6.81
16-Jan-2012,6.98
17-Jan-2012,6.95
18-Jan-2012,6.97
19-Jan-2012,6.58
20-Jan-2012,6.55
21-Jan-2012,6.57
22-Jan-2012,6.4549
23-Jan-2012,6.515
24-Jan-2012,6.47
25-Jan-2012,6.2
26-Jan-2012,5.689
27-Jan-2012,6.08
28-Jan-2012,5.76
29-Jan-2012,5.6
30-Jan-2012,5.72
31-Jan-2012,5.638
01-Feb-2012,6.2
02-Feb-2012,5.77
03-Feb-2012,6
04-Feb-2012,5.9625
05-Feb-2012,5.99
06-Feb-2012,5.71
07-Feb-2012,5.8494
08-Feb-2012,5.74
09-Feb-2012,5.9252
10-Feb-2012,6
11-Feb-2012,5.94
12-Feb-2012,5.72
13-Feb-2012,5.6
14-Feb-2012,5.69
15-Feb-2012,4.7337
16-Feb-2012,4.77
17-Feb-2012,4.74
18-Feb-2012,4.3333
19-Feb-2012,4.52
20-Feb-2012,4.38
21-Feb-2012,4.54
22-Feb-2012,4.9248
23-Feb-2012,4.63
24-Feb-2012,5.07
25-Feb-2012,5.0007
26-Feb-2012,5.05
27-Feb-2012,5
28-Feb-2012,4.9
29-Feb-2012,4.98
01-Mar-2012,4.9889
02-Mar-2012,4.78
03-Mar-2012,4.94
04-Mar-2012,5.04
05-Mar-2012,5.05
06-Mar-2012,5.04
07-Mar-2012,5
08-Mar-2012,4.9499
09-Mar-2012,4.99
10-Mar-2012,4.99
11-Mar-2012,4.9592
12-Mar-2012,4.98
13-Mar-2012,5.4444
14-Mar-2012,5.45
15-Mar-2012,5.45
16-Mar-2012,5.3998
17-Mar-2012,5.38
18-Mar-2012,5.4
19-Mar-2012,4.98
20-Mar-2012,4.87
21-Mar-2012,4.95
22-Mar-2012,4.83
23-Mar-2012,4.749
24-Mar-2012,4.81
25-Mar-2012,4.7379
26-Mar-2012,4.74
27-Mar-2012,4.74
28-Mar-2012,4.8609
29-Mar-2012,4.83
30-Mar-2012,4.85
31-Mar-2012,4.929
01-Apr-2012,5.08
02-Apr-2012,4.97
03-Apr-2012,4.97
04-Apr-2012,4.9449
05-Apr-2012,4.96
06-Apr-2012,4.98
07-Apr-2012,4.8
08-Apr-2012,4.94
09-Apr-2012,4.9
10-Apr-2012,4.8941
11-Apr-2012,4.9
12-Apr-2012,4.9446
13-Apr-2012,5.03
14-Apr-2012,4.97
15-Apr-2012,4.98
16-Apr-2012,5.0221
17-Apr-2012,4.99
18-Apr-2012,5.19
19-Apr-2012,5.17
20-Apr-2012,5.19
21-Apr-2012,5.3287
22-Apr-2012,5.218
23-Apr-2012,5.3
24-Apr-2012,5.16
25-Apr-2012,5.18
26-Apr-2012,5.16
27-Apr-2012,5.1176
28-Apr-2012,5.0184
29-Apr-2012,5.09
30-Apr-2012,5
01-May-2012,5.1789
02-May-2012,5.04
03-May-2012,5.15
04-May-2012,5.1495
05-May-2012,5.15
06-May-2012,5.0947
07-May-2012,5.1
08-May-2012,5.1
09-May-2012,5.125
10-May-2012,5.0319
11-May-2012,5.1
12-May-2012,4.9989
13-May-2012,5.036
14-May-2012,5.01
15-May-2012,5.09
16-May-2012,5.1345
17-May-2012,5.1
18-May-2012,5.1429
19-May-2012,5.15
20-May-2012,5.14
21-May-2012,5.12
22-May-2012,5.16
23-May-2012,5.13
24-May-2012,5.15
25-May-2012,5.149
26-May-2012,5.15
27-May-2012,5.16
28-May-2012,5.1589
29-May-2012,5.16
30-May-2012,5.19
31-May-2012,5.27
01-Jun-2012,5.21
02-Jun-2012,5.2647
03-Jun-2012,5.2785
04-Jun-2012,5.27
05-Jun-2012,5.47
06-Jun-2012,5.529
07-Jun-2012,5.48
08-Jun-2012,5.7
09-Jun-2012,5.62
10-Jun-2012,5.68
11-Jun-2012,5.7
12-Jun-2012,5.96
13-Jun-2012,5.76
14-Jun-2012,6.165
15-Jun-2012,6.599
16-Jun-2012,6.27
17-Jun-2012,6.4668
18-Jun-2012,6.5329
19-Jun-2012,6.48
20-Jun-2012,6.8
21-Jun-2012,6.7996
22-Jun-2012,6.8
23-Jun-2012,6.5915
24-Jun-2012,6.45
25-Jun-2012,6.56
26-Jun-2012,6.5556
27-Jun-2012,6.669
28-Jun-2012,6.58
29-Jun-2012,6.693
30-Jun-2012,6.694
01-Jul-2012,6.69
02-Jul-2012,6.765
03-Jul-2012,6.55
04-Jul-2012,6.71
05-Jul-2012,6.7345
06-Jul-2012,6.75
07-Jul-2012,6.74
08-Jul-2012,6.896
09-Jul-2012,7.239
10-Jul-2012,6.98
11-Jul-2012,7.32
12-Jul-2012,7.9
13-Jul-2012,7.46
14-Jul-2012,7.6488
15-Jul-2012,8.2899
16-Jul-2012,7.8
17-Jul-2012,9.399
18-Jul-2012,9.2749
19-Jul-2012,9.37
20-Jul-2012,9.7
21-Jul-2012,9
22-Jul-2012,9.53
23-Jul-2012,8.96
24-Jul-2012,8.77
25-Jul-2012,8.91
26-Jul-2012,8.95
27-Jul-2012,8.93
28-Jul-2012,8.95
29-Jul-2012,9.15
30-Jul-2012,9.44
31-Jul-2012,9.22
01-Aug-2012,9.8
02-Aug-2012,11.1188
03-Aug-2012,10.12
04-Aug-2012,11.1869
05-Aug-2012,11.2911
06-Aug-2012,11.21
07-Aug-2012,11.15
08-Aug-2012,12
09-Aug-2012,11.35
10-Aug-2012,11.5979
11-Aug-2012,11.765
12-Aug-2012,11.64
13-Aug-2012,12.1789
14-Aug-2012,12.67
15-Aug-2012,12.3
16-Aug-2012,15.4
17-Aug-2012,15.2601
18-Aug-2012,15.37
19-Aug-2012,10.5
20-Aug-2012,10.3
21-Aug-2012,10.45
22-Aug-2012,10.25
23-Aug-2012,10.25
24-Aug-2012,10.25
25-Aug-2012,10.6191
26-Aug-2012,12.15
27-Aug-2012,10.99
28-Aug-2012,11.21
29-Aug-2012,10.937
30-Aug-2012,11.14
31-Aug-2012,10.42
01-Sep-2012,10.19
02-Sep-2012,10.36
03-Sep-2012,10.5934
04-Sep-2012,10.5789
05-Sep-2012,10.59
06-Sep-2012,11.29
07-Sep-2012,11.21
08-Sep-2012,11.27
09-Sep-2012,11.127
10-Sep-2012,11.194
11-Sep-2012,11.14
12-Sep-2012,11.399
13-Sep-2012,11.75
14-Sep-2012,11.48
15-Sep-2012,11.99
16-Sep-2012,11.9625
17-Sep-2012,11.98
18-Sep-2012,12.61
19-Sep-2012,12.6867
20-Sep-2012,12.63
21-Sep-2012,12.4433
22-Sep-2012,12.2749
23-Sep-2012,12.4
24-Sep-2012,12.2291
25-Sep-2012,12.28
26-Sep-2012,12.24
27-Sep-2012,12.444
28-Sep-2012,12.49
29-Sep-2012,12.46
30-Sep-2012,12.481
01-Oct-2012,12.88
02-Oct-2012,12.58
03-Oct-2012,13.0899
04-Oct-2012,12.99
05-Oct-2012,13.07
06-Oct-2012,12.7369
07-Oct-2012,12.08
08-Oct-2012,12.58
09-Oct-2012,12.15
10-Oct-2012,12.19
11-Oct-2012,12.16
12-Oct-2012,12.137
13-Oct-2012,12
14-Oct-2012,12.1
15-Oct-2012,11.99
16-Oct-2012,11.99
17-Oct-2012,11.99
18-Oct-2012,11.967
19-Oct-2012,11.85
20-Oct-2012,11.94
21-Oct-2012,11.81
22-Oct-2012,12
23-Oct-2012,11.86
24-Oct-2012,11.71
25-Oct-2012,11.0999
26-Oct-2012,11.56
27-Oct-2012,10.61
28-Oct-2012,10.95
29-Oct-2012,10.69
30-Oct-2012,11.14
31-Oct-2012,11.279
01-Nov-2012,11.17
02-Nov-2012,10.601
03-Nov-2012,10.68
04-Nov-2012,10.62
05-Nov-2012,10.89
06-Nov-2012,11.216
07-Nov-2012,10.97
08-Nov-2012,11.07
09-Nov-2012,10.959
10-Nov-2012,11.04
11-Nov-2012,11.18
12-Nov-2012,11.129
13-Nov-2012,11.17
14-Nov-2012,11.114
15-Nov-2012,11.8
16-Nov-2012,11.28
17-Nov-2012,11.832
18-Nov-2012,11.8
19-Nov-2012,11.82
20-Nov-2012,11.784
21-Nov-2012,12.28
22-Nov-2012,11.9
23-Nov-2012,12.4108
24-Nov-2012,12.6
25-Nov-2012,12.46
26-Nov-2012,12.53
27-Nov-2012,12.4071
28-Nov-2012,12.5
29-Nov-2012,12.65
30-Nov-2012,12.6878
01-Dec-2012,12.66
02-Dec-2012,12.679
03-Dec-2012,12.9668
04-Dec-2012,12.75
05-Dec-2012,13.6888
06-Dec-2012,13.68
07-Dec-2012,13.69
08-Dec-2012,13.53
09-Dec-2012,13.55
10-Dec-2012,13.53
11-Dec-2012,13.64
12-Dec-2012,13.7999
13-Dec-2012,13.8
14-Dec-2012,13.7722
15-Dec-2012,13.6655
16-Dec-2012,13.75
17-Dec-2012,13.399
18-Dec-2012,13.399
19-Dec-2012,13.4
20-Dec-2012,13.6475
21-Dec-2012,13.59
22-Dec-2012,13.63
23-Dec-2012,13.45
24-Dec-2012,13.45
25-Dec-2012,13.45
26-Dec-2012,13.47
27-Dec-2012,13.6499
28-Dec-2012,13.51
29-Dec-2012,13.57
30-Dec-2012,13.59
31-Dec-2012,13.57
01-Jan-2013,13.4
02-Jan-2013,13.464
03-Jan-2013,13.42
04-Jan-2013,13.548
05-Jan-2013,13.53
06-Jan-2013,13.54
07-Jan-2013,13.83
08-Jan-2013,13.88
09-Jan-2013,13.84
10-Jan-2013,14.3
11-Jan-2013,14.35
12-Jan-2013,14.31
13-Jan-2013,14.3
14-Jan-2013,14.479
15-Jan-2013,14.34
16-Jan-2013,15.39
17-Jan-2013,15.985
18-Jan-2013,15.53
19-Jan-2013,15.89
20-Jan-2013,16.98
21-Jan-2013,16.15
22-Jan-2013,17.5889
23-Jan-2013,19.19
24-Jan-2013,17.97
25-Jan-2013,17.6193
26-Jan-2013,18
27-Jan-2013,17.71
28-Jan-2013,19.8
29-Jan-2013,19.7
30-Jan-2013,19.78
31-Jan-2013,21.3
01-Feb-2013,21.1
02-Feb-2013,21.25
03-Feb-2013,21.05
04-Feb-2013,20.79
05-Feb-2013,20.99
06-Feb-2013,22.15
07-Feb-2013,22.15
08-Feb-2013,22.15
09-Feb-2013,23.6146
10-Feb-2013,24.1955
11-Feb-2013,23.97
12-Feb-2013,26.1
13-Feb-2013,26.5309
14-Feb-2013,24.3
15-Feb-2013,27.0701
16-Feb-2013,25.6083
17-Feb-2013,27.39
18-Feb-2013,28.79
19-Feb-2013,29.8123
20-Feb-2013,29.48
21-Feb-2013,30.901
22-Feb-2013,29.28
23-Feb-2013,30.52
24-Feb-2013,30.25
25-Feb-2013,31.179
26-Feb-2013,30.4
27-Feb-2013,33.5
28-Feb-2013,34.878
01-Mar-2013,33.36
02-Mar-2013,34.1001
03-Mar-2013,36.35
04-Mar-2013,34.25
05-Mar-2013,47.5
06-Mar-2013,42.4927
07-Mar-2013,42
08-Mar-2013,46.0111
09-Mar-2013,46.5
10-Mar-2013,46.93
11-Mar-2013,45.0177
12-Mar-2013,46.8
13-Mar-2013,44.32
14-Mar-2013,47.25
15-Mar-2013,47.11
16-Mar-2013,46.9
17-Mar-2013,47.65
18-Mar-2013,57.76
19-Mar-2013,52.12
20-Mar-2013,73.8
21-Mar-2013,71.5
22-Mar-2013,70.25
23-Mar-2013,70.1
24-Mar-2013,73.888
25-Mar-2013,71.93
26-Mar-2013,88.9
27-Mar-2013,93.567
28-Mar-2013,88.8
29-Mar-2013,91
30-Mar-2013,92.5
31-Mar-2013,92.5
01-Apr-2013,108.73
02-Apr-2013,138.79
03-Apr-2013,117.34
04-Apr-2013,143.8
05-Apr-2013,142.4976
06-Apr-2013,142.1
07-Apr-2013,184
08-Apr-2013,237.99
09-Apr-2013,186.96
10-Apr-2013,123.401
11-Apr-2013,76.488
12-Apr-2013,124.9
13-Apr-2013,91
14-Apr-2013,91
15-Apr-2013,100
16-Apr-2013,85.6
17-Apr-2013,96.5
18-Apr-2013,93.9
19-Apr-2013,123.86
20-Apr-2013,125
21-Apr-2013,127.5
22-Apr-2013,136.081
23-Apr-2013,153.2002
24-Apr-2013,142.5
25-Apr-2013,135.601
26-Apr-2013,128
27-Apr-2013,137
28-Apr-2013,141.5
29-Apr-2013,139.109
30-Apr-2013,144.54
01-May-2013,105
02-May-2013,93.15
03-May-2013,103.3
04-May-2013,117.89
05-May-2013,120.95
06-May-2013,115.98
07-May-2013,113.95
08-May-2013,109.5615
09-May-2013,113.35
10-May-2013,115.4
11-May-2013,114.32
12-May-2013,115.68
13-May-2013,119
14-May-2013,114.985
15-May-2013,112
16-May-2013,124.49
17-May-2013,123.75
18-May-2013,123.32
19-May-2013,122.65
20-May-2013,122.5
21-May-2013,122.02
22-May-2013,125.67
23-May-2013,131.5
24-May-2013,126.7
25-May-2013,134.047
26-May-2013,132.61
27-May-2013,133.5
28-May-2013,129.9799
29-May-2013,130.9959
30-May-2013,132.3
31-May-2013,129.1995
01-Jun-2013,120.6029
02-Jun-2013,129.3
03-Jun-2013,120.5666
04-Jun-2013,122.4051
05-Jun-2013,121.42
06-Jun-2013,110.295
07-Jun-2013,107.8
08-Jun-2013,111.5
09-Jun-2013,104.9685
10-Jun-2013,108
11-Jun-2013,106.1
12-Jun-2013,109
13-Jun-2013,100
14-Jun-2013,103.9
15-Jun-2013,100
16-Jun-2013,100.5252
17-Jun-2013,99.9
18-Jun-2013,107.835
19-Jun-2013,111.97
20-Jun-2013,107.68
21-Jun-2013,109.09
22-Jun-2013,107.6839
23-Jun-2013,108.35
24-Jun-2013,103.8667
25-Jun-2013,104.4056
26-Jun-2013,103.89
27-Jun-2013,96.635
28-Jun-2013,95.853
29-Jun-2013,94.65
30-Jun-2013,90.998
01-Jul-2013,89.55
02-Jul-2013,87
03-Jul-2013,79.8
04-Jul-2013,67.8584
05-Jul-2013,80.04
06-Jul-2013,70.942
07-Jul-2013,77.64
08-Jul-2013,75
09-Jul-2013,78.589
10-Jul-2013,87.15
11-Jul-2013,87.9
12-Jul-2013,95.995
13-Jul-2013,94.75
14-Jul-2013,98
15-Jul-2013,97.01
16-Jul-2013,97.97
17-Jul-2013,97.05
18-Jul-2013,93.4108
19-Jul-2013,91.8775
20-Jul-2013,92
21-Jul-2013,91.788
22-Jul-2013,95.396
23-Jul-2013,91.99
24-Jul-2013,96.2
25-Jul-2013,96.3948
26-Jul-2013,97
27-Jul-2013,99
28-Jul-2013,101.042
29-Jul-2013,98.7
30-Jul-2013,104.9556
31-Jul-2013,104.19
01-Aug-2013,106.2
02-Aug-2013,103.8
03-Aug-2013,104.6746
04-Aug-2013,104.95
05-Aug-2013,106.8838
06-Aug-2013,105.6
07-Aug-2013,106.56
08-Aug-2013,102.3
09-Aug-2013,102.618
10-Aug-2013,102.8
11-Aug-2013,104.995
12-Aug-2013,107.2988
13-Aug-2013,106.64
14-Aug-2013,98.28
15-Aug-2013,98.51
16-Aug-2013,98.08
17-Aug-2013,99.02
18-Aug-2013,102.07
19-Aug-2013,99.3
20-Aug-2013,109.75
21-Aug-2013,111.01
22-Aug-2013,110.43
23-Aug-2013,108.79
24-Aug-2013,112.9
25-Aug-2013,109.04
26-Aug-2013,117.52
27-Aug-2013,119.25
28-Aug-2013,117.72
29-Aug-2013,124.79
30-Aug-2013,132.75
31-Aug-2013,124.84
01-Sep-2013,131.03
02-Sep-2013,130.45
03-Sep-2013,130.09
04-Sep-2013,124.51
05-Sep-2013,122.44
06-Sep-2013,122.63
07-Sep-2013,118.51
08-Sep-2013,121.66
09-Sep-2013,118.18
10-Sep-2013,124.1
11-Sep-2013,128.45
12-Sep-2013,126.54
13-Sep-2013,124.32
14-Sep-2013,125.46
15-Sep-2013,124.05
16-Sep-2013,127.56
17-Sep-2013,127.23
18-Sep-2013,139.15
19-Sep-2013,123.98
20-Sep-2013,123.5
21-Sep-2013,123.04
22-Sep-2013,123.02
23-Sep-2013,122.59
24-Sep-2013,122.65
25-Sep-2013,123.85
26-Sep-2013,125.6
27-Sep-2013,124.65
28-Sep-2013,128.1
29-Sep-2013,125.8
30-Sep-2013,127.01
01-Oct-2013,104.47
02-Oct-2013,116.95
03-Oct-2013,103.85
04-Oct-2013,121.51
05-Oct-2013,121.6
06-Oct-2013,121.2
07-Oct-2013,123.84
08-Oct-2013,126.08
09-Oct-2013,124.12
10-Oct-2013,126.84
11-Oct-2013,127.53
12-Oct-2013,127.41
13-Oct-2013,135.69
14-Oct-2013,139.24
15-Oct-2013,135.17
16-Oct-2013,143.33
17-Oct-2013,150.59
18-Oct-2013,143.94
19-Oct-2013,165.71
20-Oct-2013,177.07
21-Oct-2013,186.12
22-Oct-2013,199.95
23-Oct-2013,195.78
24-Oct-2013,203.7
25-Oct-2013,179.71
26-Oct-2013,189.06
27-Oct-2013,179.56
28-Oct-2013,202.09
29-Oct-2013,203.39
30-Oct-2013,216
31-Oct-2013,203.24
01-Nov-2013,204.15
02-Nov-2013,203
03-Nov-2013,225.1
04-Nov-2013,246.63
05-Nov-2013,229.95
06-Nov-2013,292.32
07-Nov-2013,325.56
08-Nov-2013,291.02
09-Nov-2013,296.91
10-Nov-2013,339.38
11-Nov-2013,328
12-Nov-2013,391.64
13-Nov-2013,416.5
14-Nov-2013,393
15-Nov-2013,433.53
16-Nov-2013,463
17-Nov-2013,437.24
18-Nov-2013,559.99
19-Nov-2013,595
20-Nov-2013,547
21-Nov-2013,761
22-Nov-2013,837.99
23-Nov-2013,795
24-Nov-2013,814
25-Nov-2013,844.9
26-Nov-2013,814.56
27-Nov-2013,1009
28-Nov-2013,1083.9
29-Nov-2013,1014.1
30-Nov-2013,970
01-Dec-2013,992.27
02-Dec-2013,955.01
03-Dec-2013,1151
04-Dec-2013,1028.34
05-Dec-2013,1136.9
06-Dec-2013,727.29
07-Dec-2013,722.99
08-Dec-2013,705.91
09-Dec-2013,936.98
10-Dec-2013,886.2
11-Dec-2013,978.76
12-Dec-2013,874
13-Dec-2013,864.7
14-Dec-2013,885
15-Dec-2013,709
16-Dec-2013,702.05
17-Dec-2013,690
18-Dec-2013,653
19-Dec-2013,660
20-Dec-2013,685.3
21-Dec-2013,637
22-Dec-2013,639.9
23-Dec-2013,614.11
24-Dec-2013,658.07
25-Dec-2013,734.42
26-Dec-2013,679.02
27-Dec-2013,701.61
28-Dec-2013,714.79
29-Dec-2013,715
30-Dec-2013,731
31-Dec-2013,746.9
01-Jan-2014,732
02-Jan-2014,806.21
03-Jan-2014,822.38
04-Jan-2014,807.39
05-Jan-2014,934.21
06-Jan-2014,867.38
07-Jan-2014,915.69
08-Jan-2014,809.17
09-Jan-2014,827.46
10-Jan-2014,826.28
11-Jan-2014,851
12-Jan-2014,807.83
13-Jan-2014,844.04
14-Jan-2014,847.7
15-Jan-2014,830.9
16-Jan-2014,841.83
17-Jan-2014,801.53
18-Jan-2014,833
19-Jan-2014,811.2
20-Jan-2014,822.56
21-Jan-2014,813.05
22-Jan-2014,824.78
23-Jan-2014,789.1
24-Jan-2014,806
25-Jan-2014,780.02
26-Jan-2014,777
27-Jan-2014,800.2
28-Jan-2014,747.57
29-Jan-2014,799.37
30-Jan-2014,802.5
31-Jan-2014,800
01-Feb-2014,819.57
02-Feb-2014,813.8
03-Feb-2014,814.34
04-Feb-2014,800
05-Feb-2014,778
06-Feb-2014,781
07-Feb-2014,707
08-Feb-2014,710
09-Feb-2014,680.8
10-Feb-2014,670
11-Feb-2014,667.01
12-Feb-2014,675.1
13-Feb-2014,672.1
14-Feb-2014,651.42
15-Feb-2014,670.29
16-Feb-2014,642
17-Feb-2014,626.77
18-Feb-2014,629.96
19-Feb-2014,582.7
20-Feb-2014,566.16
21-Feb-2014,563
22-Feb-2014,626.77
23-Feb-2014,545
24-Feb-2014,611.05
25-Feb-2014,585.38
26-Feb-2014,585.17
27-Feb-2014,585.21
28-Feb-2014,571.5
01-Mar-2014,559.88
02-Mar-2014,567.48
03-Mar-2014,677.61
04-Mar-2014,664.85
05-Mar-2014,673.28
06-Mar-2014,621.3
07-Mar-2014,609
08-Mar-2014,631.99
09-Mar-2014,621.99
10-Mar-2014,622.9
11-Mar-2014,629.33
12-Mar-2014,642.61
13-Mar-2014,636.47
14-Mar-2014,641.01
15-Mar-2014,634.94
16-Mar-2014,624.7
17-Mar-2014,634.99
18-Mar-2014,608.41
19-Mar-2014,590
20-Mar-2014,611.2
21-Mar-2014,557
22-Mar-2014,567.13
23-Mar-2014,563.01
24-Mar-2014,580.02
25-Mar-2014,585.7
26-Mar-2014,585.79
27-Mar-2014,503
28-Mar-2014,499.94
29-Mar-2014,499.6
30-Mar-2014,457
31-Mar-2014,479.51
01-Apr-2014,457.49
02-Apr-2014,446.31
03-Apr-2014,446.01
04-Apr-2014,448.72
05-Apr-2014,459.67
06-Apr-2014,447.74
07-Apr-2014,458
08-Apr-2014,443.1
09-Apr-2014,401
10-Apr-2014,441.93
11-Apr-2014,424.98
12-Apr-2014,405
13-Apr-2014,423.37
14-Apr-2014,489.91
15-Apr-2014,511.5
16-Apr-2014,523
17-Apr-2014,479.98
18-Apr-2014,499.9
19-Apr-2014,482.11
20-Apr-2014,496.5
21-Apr-2014,493.33
22-Apr-2014,498.38
23-Apr-2014,491.6
24-Apr-2014,459.15
25-Apr-2014,502.15
26-Apr-2014,440.1
27-Apr-2014,447
28-Apr-2014,438.8
29-Apr-2014,449
30-Apr-2014,460.01
01-May-2014,452.03
02-May-2014,434.5
03-May-2014,436.21
04-May-2014,440
05-May-2014,430.33
06-May-2014,446.65
07-May-2014,428.01
08-May-2014,452.02
09-May-2014,452.42
10-May-2014,449
11-May-2014,441.5
12-May-2014,438.95
13-May-2014,442.45
14-May-2014,448.99
15-May-2014,449.51
16-May-2014,446.53
17-May-2014,447.14
18-May-2014,446.42
19-May-2014,446.89
20-May-2014,494.87
21-May-2014,523.84
22-May-2014,493.97
23-May-2014,521.52
24-May-2014,575
25-May-2014,527.91
26-May-2014,581.87
27-May-2014,574.33
28-May-2014,572.7
29-May-2014,609.03
30-May-2014,620.45
31-May-2014,621.3
01-Jun-2014,631.49
02-Jun-2014,673.9
03-Jun-2014,662
04-Jun-2014,658.72
05-Jun-2014,655.75
06-Jun-2014,661.48
07-Jun-2014,652
08-Jun-2014,650.93
09-Jun-2014,657.11
10-Jun-2014,639.99
11-Jun-2014,617
12-Jun-2014,624.97
13-Jun-2014,557.92
14-Jun-2014,560.49
15-Jun-2014,572.28
16-Jun-2014,597.65
17-Jun-2014,604.6
18-Jun-2014,608
19-Jun-2014,593.33
20-Jun-2014,590.99
21-Jun-2014,593.48
22-Jun-2014,591.5
23-Jun-2014,585.54
24-Jun-2014,588.25
25-Jun-2014,569
26-Jun-2014,588.97
27-Jun-2014,577.34
28-Jun-2014,596
29-Jun-2014,620
30-Jun-2014,599.99
01-Jul-2014,654
02-Jul-2014,644.04
03-Jul-2014,650.49
04-Jul-2014,632.78
05-Jul-2014,634.49
06-Jul-2014,631
07-Jul-2014,623.7
08-Jul-2014,624.84
09-Jul-2014,624.97
10-Jul-2014,630.31
11-Jul-2014,631.98
12-Jul-2014,634
13-Jul-2014,622.8
14-Jul-2014,623.17
15-Jul-2014,621.21
16-Jul-2014,626
17-Jul-2014,629.86
18-Jul-2014,625.8
19-Jul-2014,623.77
20-Jul-2014,619.14
21-Jul-2014,627
22-Jul-2014,622.01
23-Jul-2014,601.18
24-Jul-2014,620.43
25-Jul-2014,595.88
26-Jul-2014,592.51
27-Jul-2014,595.9
28-Jul-2014,581.5
29-Jul-2014,573.48
30-Jul-2014,585.5
31-Jul-2014,601.94
01-Aug-2014,591.59
02-Aug-2014,595.76
03-Aug-2014,593.94
04-Aug-2014,580.21
05-Aug-2014,588.5
06-Aug-2014,587.24
07-Aug-2014,589.3
08-Aug-2014,585.02
09-Aug-2014,588.99
10-Aug-2014,578.97
11-Aug-2014,590.74
12-Aug-2014,550.14
13-Aug-2014,521.66
14-Aug-2014,549.98
15-Aug-2014,509
16-Aug-2014,491.88
17-Aug-2014,523.88
18-Aug-2014,487.5
19-Aug-2014,507.3
20-Aug-2014,490
21-Aug-2014,518.25
22-Aug-2014,503.88
23-Aug-2014,515.69
24-Aug-2014,503.79
25-Aug-2014,512.79
26-Aug-2014,501.55
27-Aug-2014,509.39
28-Aug-2014,511.99
29-Aug-2014,506.61
30-Aug-2014,477.98
31-Aug-2014,482.59
01-Sep-2014,478.87
02-Sep-2014,472.76
03-Sep-2014,486
04-Sep-2014,474.5
05-Sep-2014,481.09
06-Sep-2014,480.62
07-Sep-2014,479.59
08-Sep-2014,466.48
09-Sep-2014,485.03
10-Sep-2014,473.35
11-Sep-2014,470.43
12-Sep-2014,479.86
13-Sep-2014,474.62
14-Sep-2014,475.3
15-Sep-2014,468
16-Sep-2014,470.83
17-Sep-2014,428.19
18-Sep-2014,398.89
19-Sep-2014,425.56
20-Sep-2014,406.3
21-Sep-2014,400.98
22-Sep-2014,401.15
23-Sep-2014,431.91
24-Sep-2014,408.08
25-Sep-2014,423.68
26-Sep-2014,400.74
27-Sep-2014,380
28-Sep-2014,400.39
29-Sep-2014,382.67
30-Sep-2014,385.27
01-Oct-2014,390.18
02-Oct-2014,363.75
03-Oct-2014,336
04-Oct-2014,358.9
05-Oct-2014,331.2
06-Oct-2014,330.7
07-Oct-2014,327.61
08-Oct-2014,378.94
09-Oct-2014,358.97
10-Oct-2014,363.61
11-Oct-2014,364.83
12-Oct-2014,381.46
13-Oct-2014,380.8
14-Oct-2014,394
15-Oct-2014,378.02
16-Oct-2014,394.84
17-Oct-2014,389.68
18-Oct-2014,388.99
19-Oct-2014,391
20-Oct-2014,387
21-Oct-2014,385.1
22-Oct-2014,385.89
23-Oct-2014,358.46
24-Oct-2014,348.89
25-Oct-2014,358.49
26-Oct-2014,356.5
27-Oct-2014,354.94
28-Oct-2014,350.9
29-Oct-2014,337
30-Oct-2014,340.95
31-Oct-2014,345.3
01-Nov-2014,326.41
02-Nov-2014,325.81
03-Nov-2014,324.36
04-Nov-2014,341.99
05-Nov-2014,347.96
06-Nov-2014,338.63
07-Nov-2014,345.84
08-Nov-2014,356.34
09-Nov-2014,346.94
10-Nov-2014,365.04
11-Nov-2014,430.07
12-Nov-2014,369.41
13-Nov-2014,396.56
14-Nov-2014,373.14
15-Nov-2014,399.11
16-Nov-2014,378.48
17-Nov-2014,379.91
18-Nov-2014,388.87
19-Nov-2014,361.7
20-Nov-2014,356.9
21-Nov-2014,356.47
22-Nov-2014,362.99
23-Nov-2014,384
24-Nov-2014,367.12
25-Nov-2014,371.44
26-Nov-2014,372.62
27-Nov-2014,366.86
28-Nov-2014,377.22
29-Nov-2014,375.96
30-Nov-2014,375.59
01-Dec-2014,381.93
02-Dec-2014,378.25
03-Dec-2014,379.62
04-Dec-2014,373.98
05-Dec-2014,374.05
06-Dec-2014,376
07-Dec-2014,367.01
08-Dec-2014,350.29
09-Dec-2014,362.99
10-Dec-2014,356.1
11-Dec-2014,355.08
12-Dec-2014,348.97
13-Dec-2014,353.28
14-Dec-2014,352.15
15-Dec-2014,357.8
16-Dec-2014,318.2
17-Dec-2014,317.7
18-Dec-2014,321.34
19-Dec-2014,325.7
20-Dec-2014,326.93
21-Dec-2014,331.52
22-Dec-2014,336.96
23-Dec-2014,327.59
24-Dec-2014,336.95
25-Dec-2014,328.09
26-Dec-2014,314.45
27-Dec-2014,329.94
28-Dec-2014,314.49
29-Dec-2014,313.09
30-Dec-2014,313.4
31-Dec-2014,315.7
01-Jan-2015,316.15
02-Jan-2015,314.81
03-Jan-2015,270.93
04-Jan-2015,276.8
05-Jan-2015,263.17
06-Jan-2015,276.8
07-Jan-2015,276.8
08-Jan-2015,297.99
09-Jan-2015,278
10-Jan-2015,272.25
11-Jan-2015,275.97
12-Jan-2015,230.89
13-Jan-2015,176.5
14-Jan-2015,222
15-Jan-2015,205.35
16-Jan-2015,197.12
17-Jan-2015,208.13
18-Jan-2015,212.39
19-Jan-2015,212.99
20-Jan-2015,216.01
21-Jan-2015,233.9
22-Jan-2015,233.03
23-Jan-2015,233.51
24-Jan-2015,247.11
25-Jan-2015,271.47
26-Jan-2015,254.32
27-Jan-2015,249.25
28-Jan-2015,233.19
29-Jan-2015,236.2
30-Jan-2015,229.7
31-Jan-2015,220.72
01-Feb-2015,219.25
02-Feb-2015,236.51
03-Feb-2015,222.56
04-Feb-2015,227.53
05-Feb-2015,220.47
06-Feb-2015,225.16
07-Feb-2015,222.36
08-Feb-2015,220.39
09-Feb-2015,220.16
10-Feb-2015,219.93
11-Feb-2015,221.83
12-Feb-2015,239.94
13-Feb-2015,222.33
14-Feb-2015,243.99
15-Feb-2015,235.86
16-Feb-2015,234.18
17-Feb-2015,234.87
18-Feb-2015,241.59
19-Feb-2015,237.44
20-Feb-2015,245.66
21-Feb-2015,236
22-Feb-2015,245.41
23-Feb-2015,240.1
24-Feb-2015,238.59
25-Feb-2015,239.94
26-Feb-2015,254
27-Feb-2015,252.98
28-Feb-2015,252.11
01-Mar-2015,263.81
02-Mar-2015,275.8
03-Mar-2015,275.87
04-Mar-2015,265.63
05-Mar-2015,272.12
06-Mar-2015,273.11
07-Mar-2015,273.87
08-Mar-2015,287.48
09-Mar-2015,275
10-Mar-2015,293.29
11-Mar-2015,297.39
12-Mar-2015,296.56
13-Mar-2015,284.21
14-Mar-2015,283.57
15-Mar-2015,282.2
16-Mar-2015,287.02
17-Mar-2015,265.85
18-Mar-2015,284.48
19-Mar-2015,259.8
20-Mar-2015,257.83
21-Mar-2015,262.1
22-Mar-2015,266.07
23-Mar-2015,247.83
24-Mar-2015,265.99
25-Mar-2015,251.98
26-Mar-2015,248.63
27-Mar-2015,249.23
28-Mar-2015,244.05
29-Mar-2015,245.18
30-Mar-2015,242.34
31-Mar-2015,242.7
01-Apr-2015,252.44
02-Apr-2015,246.49
03-Apr-2015,253.77
04-Apr-2015,257.03
05-Apr-2015,253.67
06-Apr-2015,255.48
07-Apr-2015,245.89
08-Apr-2015,253.9
09-Apr-2015,235.71
10-Apr-2015,236.7
11-Apr-2015,236
12-Apr-2015,225.99
13-Apr-2015,216
14-Apr-2015,223.01
15-Apr-2015,229.62
16-Apr-2015,222.67
17-Apr-2015,227.5
18-Apr-2015,225.72
19-Apr-2015,224.63
20-Apr-2015,222.61
21-Apr-2015,237.34
22-Apr-2015,235.48
23-Apr-2015,233.59
24-Apr-2015,228.6
25-Apr-2015,218.42
26-Apr-2015,226.29
27-Apr-2015,222.66
28-Apr-2015,225.69
29-Apr-2015,225.2
30-Apr-2015,233.43
01-May-2015,234.13
02-May-2015,230.97
03-May-2015,236.17
04-May-2015,234.66
05-May-2015,238.25
06-May-2015,233.99
07-May-2015,244.72
08-May-2015,237.16
09-May-2015,239.35
10-May-2015,244.19
11-May-2015,239.11
12-May-2015,242.72
13-May-2015,238.32
14-May-2015,235.97
15-May-2015,236.63
16-May-2015,235.78
17-May-2015,236.63
18-May-2015,232.04
19-May-2015,234.6
20-May-2015,231.4
21-May-2015,240.5
22-May-2015,238.77
23-May-2015,238.8
24-May-2015,235.65
25-May-2015,235.94
26-May-2015,235.59
27-May-2015,236.48
28-May-2015,235.87
29-May-2015,236.44
30-May-2015,231.95
31-May-2015,222.4
01-Jun-2015,228.34
02-Jun-2015,226.29
03-Jun-2015,225.54
04-Jun-2015,225.4
05-Jun-2015,224.49
06-Jun-2015,222.6
07-Jun-2015,224.99
08-Jun-2015,230.1
09-Jun-2015,228.01
10-Jun-2015,228.88
11-Jun-2015,229.98
12-Jun-2015,230.22
13-Jun-2015,229.6
14-Jun-2015,236.46
15-Jun-2015,245.35
16-Jun-2015,236
17-Jun-2015,248.25
18-Jun-2015,246.45
19-Jun-2015,248.26
20-Jun-2015,242.47
21-Jun-2015,246.35
22-Jun-2015,243.55
23-Jun-2015,240.64
24-Jun-2015,241.92
25-Jun-2015,240.2
26-Jun-2015,248.5
27-Jun-2015,248.76
28-Jun-2015,251.21
29-Jun-2015,262.53
30-Jun-2015,257.85
01-Jul-2015,262.43
02-Jul-2015,255.1
03-Jul-2015,257.92
04-Jul-2015,256.12
05-Jul-2015,273.37
06-Jul-2015,267.26
07-Jul-2015,268.53
08-Jul-2015,270.68
09-Jul-2015,286.98
10-Jul-2015,269
11-Jul-2015,309.3
12-Jul-2015,289.9
13-Jul-2015,310.55
14-Jul-2015,290.95
15-Jul-2015,275.76
16-Jul-2015,285.66
17-Jul-2015,278.08
18-Jul-2015,276.09
19-Jul-2015,276.74
20-Jul-2015,278.97
21-Jul-2015,277.54
22-Jul-2015,276.76
23-Jul-2015,287.3
24-Jul-2015,287.12
25-Jul-2015,289
26-Jul-2015,290.79
27-Jul-2015,295.24
28-Jul-2015,293.93
29-Jul-2015,287.56
30-Jul-2015,284.78
31-Jul-2015,288.45
01-Aug-2015,280.69
02-Aug-2015,284.39
03-Aug-2015,282.26
04-Aug-2015,282.69
05-Aug-2015,277.1
06-Aug-2015,281
07-Aug-2015,269.89
08-Aug-2015,265.42
09-Aug-2015,262.22
10-Aug-2015,265.85
11-Aug-2015,267.89
12-Aug-2015,270.98
13-Aug-2015,266.99
14-Aug-2015,265.41
15-Aug-2015,265.93
16-Aug-2015,257.47
17-Aug-2015,257.45
18-Aug-2015,256.66
19-Aug-2015,233.29
20-Aug-2015,233.23
21-Aug-2015,235.31
22-Aug-2015,226.04
23-Aug-2015,228.68
24-Aug-2015,228.14
25-Aug-2015,222.02
26-Aug-2015,228.84
27-Aug-2015,225.04
28-Aug-2015,234.17
29-Aug-2015,228.22
30-Aug-2015,229.63
31-Aug-2015,230.94
01-Sep-2015,228.32
02-Sep-2015,227.97
03-Sep-2015,227.42
04-Sep-2015,230.8
05-Sep-2015,230.73
06-Sep-2015,240.2
07-Sep-2015,241.31
08-Sep-2015,240.47
09-Sep-2015,240.08
10-Sep-2015,239.68
11-Sep-2015,238.81
12-Sep-2015,235.13
13-Sep-2015,229.86
14-Sep-2015,230
15-Sep-2015,230
16-Sep-2015,227.86
17-Sep-2015,228.33
18-Sep-2015,232.99
19-Sep-2015,230.71
20-Sep-2015,230.25
21-Sep-2015,226.56
22-Sep-2015,229.43
23-Sep-2015,230.42
24-Sep-2015,233.9
25-Sep-2015,235.79
26-Sep-2015,235.22
27-Sep-2015,238.94
28-Sep-2015,237.68
29-Sep-2015,239.14
30-Sep-2015,238.98
01-Oct-2015,237.78
02-Oct-2015,238.03
03-Oct-2015,239.47
04-Oct-2015,239.22
05-Oct-2015,238.4
06-Oct-2015,245.25
07-Oct-2015,243.91
08-Oct-2015,243.01
09-Oct-2015,245.79
10-Oct-2015,248.08
11-Oct-2015,245.72
12-Oct-2015,249.58
13-Oct-2015,254.6
14-Oct-2015,249.98
15-Oct-2015,262.31
16-Oct-2015,269.07
17-Oct-2015,262.26
18-Oct-2015,262.44
19-Oct-2015,264.16
20-Oct-2015,263.59
21-Oct-2015,269.1
22-Oct-2015,273.95
23-Oct-2015,274.35
24-Oct-2015,279.9
25-Oct-2015,295.01
26-Oct-2015,282.8
27-Oct-2015,294.73
28-Oct-2015,298.95
29-Oct-2015,304.79
30-Oct-2015,329.2
31-Oct-2015,310.92
01-Nov-2015,310.18
02-Nov-2015,340.69
03-Nov-2015,409
04-Nov-2015,404.5
05-Nov-2015,400
06-Nov-2015,388.38
07-Nov-2015,373.69
08-Nov-2015,381.51
09-Nov-2015,378.8
10-Nov-2015,380.62
11-Nov-2015,309.9
12-Nov-2015,331.6
13-Nov-2015,340.81
14-Nov-2015,331.9
15-Nov-2015,322.33
16-Nov-2015,318.97
17-Nov-2015,335.95
18-Nov-2015,334.46
19-Nov-2015,333.66
20-Nov-2015,320.62
21-Nov-2015,325.56
22-Nov-2015,326.31
23-Nov-2015,324.49
24-Nov-2015,321.1
25-Nov-2015,319.64
26-Nov-2015,348
27-Nov-2015,359.54
28-Nov-2015,358
29-Nov-2015,363.98
30-Nov-2015,372.53
01-Dec-2015,377.27
02-Dec-2015,360.98
03-Dec-2015,362.49
04-Dec-2015,361.47
05-Dec-2015,390.04
06-Dec-2015,390.04
07-Dec-2015,387.3
08-Dec-2015,394.99
09-Dec-2015,414.01
10-Dec-2015,416.49
11-Dec-2015,444.29
12-Dec-2015,426.06
13-Dec-2015,436.2
14-Dec-2015,445.6
15-Dec-2015,459.48
16-Dec-2015,463.98
17-Dec-2015,453.39
18-Dec-2015,458.95
19-Dec-2015,463
20-Dec-2015,434.98
21-Dec-2015,438.7
22-Dec-2015,438.35
23-Dec-2015,441.4
24-Dec-2015,453.95
25-Dec-2015,456
26-Dec-2015,417.99
27-Dec-2015,418.46
28-Dec-2015,422.42
29-Dec-2015,431.13
30-Dec-2015,428
31-Dec-2015,428.23
01-Jan-2016,432.33
02-Jan-2016,433.94
03-Jan-2016,432.76
04-Jan-2016,433
05-Jan-2016,431.9
06-Jan-2016,432.43
07-Jan-2016,453.71
08-Jan-2016,447.04
09-Jan-2016,452.64
10-Jan-2016,446.24
11-Jan-2016,447.11
12-Jan-2016,447.98
13-Jan-2016,429.57
14-Jan-2016,431.9
15-Jan-2016,429.55
16-Jan-2016,370.4
17-Jan-2016,385.45
18-Jan-2016,380.16
19-Jan-2016,378.66
20-Jan-2016,408.33
21-Jan-2016,420.35
22-Jan-2016,385.7
23-Jan-2016,388.5
24-Jan-2016,385.09
25-Jan-2016,387.09
26-Jan-2016,394.12
27-Jan-2016,391.66
28-Jan-2016,382.44
29-Jan-2016,377.26
30-Jan-2016,378.18
31-Jan-2016,376.86
01-Feb-2016,372
02-Feb-2016,371.99
03-Feb-2016,368.38
04-Feb-2016,385.06
05-Feb-2016,388
06-Feb-2016,373.04
07-Feb-2016,373.74
08-Feb-2016,375
09-Feb-2016,372.61
10-Feb-2016,378.98
11-Feb-2016,379.14
12-Feb-2016,381.46
13-Feb-2016,388.6
14-Feb-2016,389.88
15-Feb-2016,402.64
16-Feb-2016,406.69
17-Feb-2016,407
18-Feb-2016,418.97
19-Feb-2016,418.02
20-Feb-2016,419.98
21-Feb-2016,434.67
22-Feb-2016,438.5
23-Feb-2016,436.76
24-Feb-2016,423.1
25-Feb-2016,421.4
26-Feb-2016,423.46
27-Feb-2016,432
28-Feb-2016,433.47
29-Feb-2016,431.89
01-Mar-2016,431.87
02-Mar-2016,429.99
03-Mar-2016,422.5
04-Mar-2016,416.48
05-Mar-2016,401
06-Mar-2016,399.17
07-Mar-2016,411.94
08-Mar-2016,412.39
09-Mar-2016,412.15
10-Mar-2016,416
11-Mar-2016,421.22
12-Mar-2016,420.11
13-Mar-2016,413.89
14-Mar-2016,414.78
15-Mar-2016,414.99
16-Mar-2016,415.99
17-Mar-2016,418.64
18-Mar-2016,418.49
19-Mar-2016,405.59
20-Mar-2016,410.77
21-Mar-2016,411.81
22-Mar-2016,415.35
23-Mar-2016,417.8
24-Mar-2016,417.96
25-Mar-2016,416.44
26-Mar-2016,415.71
27-Mar-2016,416.96
28-Mar-2016,422.96
29-Mar-2016,414
30-Mar-2016,415.83
31-Mar-2016,416.94
01-Apr-2016,416.25
02-Apr-2016,416.31
03-Apr-2016,418.07
04-Apr-2016,418.99
05-Apr-2016,419.71
06-Apr-2016,421.09
07-Apr-2016,420.33
08-Apr-2016,419.95
09-Apr-2016,417.73
10-Apr-2016,421.63
11-Apr-2016,420.75
12-Apr-2016,425.89
13-Apr-2016,424.61
14-Apr-2016,423.87
15-Apr-2016,429.09
16-Apr-2016,429.43
17-Apr-2016,430.58
18-Apr-2016,427.28
19-Apr-2016,435.91
20-Apr-2016,435.95
21-Apr-2016,451
22-Apr-2016,447.25
23-Apr-2016,447.7
24-Apr-2016,459.4
25-Apr-2016,463.86
26-Apr-2016,462.5
27-Apr-2016,447.31
28-Apr-2016,450
29-Apr-2016,449.98
30-Apr-2016,447.17
01-May-2016,451.9
02-May-2016,453
03-May-2016,450.96
04-May-2016,447.37
05-May-2016,446.84
06-May-2016,460.91
07-May-2016,459.04
08-May-2016,459.02
09-May-2016,461.63
10-May-2016,450
11-May-2016,450.78
12-May-2016,454.7
13-May-2016,456.82
14-May-2016,455.82
15-May-2016,457.08
16-May-2016,454.88
17-May-2016,454
18-May-2016,452.9
19-May-2016,441.87
20-May-2016,436.05
21-May-2016,443.89
22-May-2016,438
23-May-2016,438.47
24-May-2016,445.34
25-May-2016,447.94
26-May-2016,448.7
27-May-2016,470.29
28-May-2016,522.43
29-May-2016,526.64
30-May-2016,525.15
31-May-2016,531.15
01-Jun-2016,531.97
02-Jun-2016,539.99
03-Jun-2016,568
04-Jun-2016,567.88
05-Jun-2016,574.02
06-Jun-2016,584.5
07-Jun-2016,583.72
08-Jun-2016,578.68
09-Jun-2016,575.2941
10-Jun-2016,574.32
11-Jun-2016,594.44
12-Jun-2016,664.8465
13-Jun-2016,665.85
14-Jun-2016,685.24
15-Jun-2016,692.28
16-Jun-2016,693.88
17-Jun-2016,743.91
18-Jun-2016,754.36
19-Jun-2016,751.96
20-Jun-2016,729.19
21-Jun-2016,665.95
22-Jun-2016,664.46
23-Jun-2016,624.54
24-Jun-2016,660.6
25-Jun-2016,665
26-Jun-2016,627.39
27-Jun-2016,646.7
28-Jun-2016,651.85
29-Jun-2016,637.95
30-Jun-2016,671.4
01-Jul-2016,667.95
02-Jul-2016,701.71
03-Jul-2016,658.41
04-Jul-2016,656.97
05-Jul-2016,666.48
06-Jul-2016,673.78
07-Jul-2016,673.76
08-Jul-2016,659.55
09-Jul-2016,651.86
10-Jul-2016,647.41
11-Jul-2016,647.98
12-Jul-2016,672.76
13-Jul-2016,664.5
14-Jul-2016,658.83
15-Jul-2016,664.57
16-Jul-2016,663.19
17-Jul-2016,675.45
18-Jul-2016,673.2
19-Jul-2016,673.46
20-Jul-2016,665.64
21-Jul-2016,664.88
22-Jul-2016,664
23-Jul-2016,655.84
24-Jul-2016,661.41
25-Jul-2016,661.48
26-Jul-2016,655.06
27-Jul-2016,654.98
28-Jul-2016,655.37
29-Jul-2016,656.88
30-Jul-2016,654.73
31-Jul-2016,654.68
01-Aug-2016,606.32
02-Aug-2016,515.06
03-Aug-2016,530.74
04-Aug-2016,577.31
05-Aug-2016,576.55
06-Aug-2016,572.72
07-Aug-2016,594.27
08-Aug-2016,592.69
09-Aug-2016,591.69
10-Aug-2016,592.18
11-Aug-2016,589.24
12-Aug-2016,586.01
13-Aug-2016,586.43
14-Aug-2016,570.97
15-Aug-2016,567.34
16-Aug-2016,581.11
17-Aug-2016,575.51
18-Aug-2016,570.92
19-Aug-2016,576.65
20-Aug-2016,583.2
21-Aug-2016,577.52
22-Aug-2016,588.97
23-Aug-2016,586.18
24-Aug-2016,581.98
25-Aug-2016,579.86
26-Aug-2016,581.07
27-Aug-2016,577.77
28-Aug-2016,576.53
29-Aug-2016,575.22
30-Aug-2016,571.5
31-Aug-2016,574.82
01-Sep-2016,572.81
02-Sep-2016,571
03-Sep-2016,600.88
04-Sep-2016,610.59
05-Sep-2016,603.95
06-Sep-2016,611.09
07-Sep-2016,614.46
08-Sep-2016,615.33
09-Sep-2016,625.07
10-Sep-2016,625.76
11-Sep-2016,621.65
12-Sep-2016,609.67
13-Sep-2016,610.92
14-Sep-2016,608.82
15-Sep-2016,610.38
16-Sep-2016,609.11
17-Sep-2016,607.04
18-Sep-2016,611.58
19-Sep-2016,610.19
20-Sep-2016,608.66
21-Sep-2016,598.88
22-Sep-2016,597.42
23-Sep-2016,594.08
24-Sep-2016,603.88
25-Sep-2016,601.74
26-Sep-2016,598.98
27-Sep-2016,605.96
28-Sep-2016,605.67
29-Sep-2016,603.85
30-Sep-2016,609.39
01-Oct-2016,614.82
02-Oct-2016,612.98
03-Oct-2016,611.85
04-Oct-2016,609.62
05-Oct-2016,607.18
06-Oct-2016,612.08
07-Oct-2016,617.21
08-Oct-2016,614.74
09-Oct-2016,615.65
10-Oct-2016,617.54
11-Oct-2016,614.77
12-Oct-2016,635.01
13-Oct-2016,635.96
14-Oct-2016,634.02
15-Oct-2016,637.94
16-Oct-2016,641.42
17-Oct-2016,638.97
18-Oct-2016,636.29
19-Oct-2016,629.25
20-Oct-2016,627.72
21-Oct-2016,631.92
22-Oct-2016,655.48
23-Oct-2016,653.25
24-Oct-2016,651.39
25-Oct-2016,655.31
26-Oct-2016,651.45
27-Oct-2016,682.22
28-Oct-2016,687.68
29-Oct-2016,685.91
30-Oct-2016,698
31-Oct-2016,702
01-Nov-2016,697.01
02-Nov-2016,733.33
03-Nov-2016,686.17
04-Nov-2016,683.69
05-Nov-2016,704.79
06-Nov-2016,712
07-Nov-2016,709.96
08-Nov-2016,708.97
09-Nov-2016,720.93
10-Nov-2016,721.5
11-Nov-2016,715.45
12-Nov-2016,703.71
13-Nov-2016,702.28
14-Nov-2016,706.46
15-Nov-2016,710.91
16-Nov-2016,711.73
17-Nov-2016,736.96
18-Nov-2016,747.52
19-Nov-2016,748.98
20-Nov-2016,729.06
21-Nov-2016,738.53
22-Nov-2016,736.97
23-Nov-2016,741.63
24-Nov-2016,737.45
25-Nov-2016,735.64
26-Nov-2016,733.67
27-Nov-2016,727.96
28-Nov-2016,727.31
29-Nov-2016,732.71
30-Nov-2016,742.69
01-Dec-2016,742.05
02-Dec-2016,772.43
03-Dec-2016,764.33
04-Dec-2016,762.97
05-Dec-2016,754.63
06-Dec-2016,756.62
07-Dec-2016,758.99
08-Dec-2016,769.72
09-Dec-2016,770.02
10-Dec-2016,769.08
11-Dec-2016,777
12-Dec-2016,777
13-Dec-2016,777.99
14-Dec-2016,774.89
15-Dec-2016,776.75
16-Dec-2016,775.88
17-Dec-2016,788.7
18-Dec-2016,788.4
19-Dec-2016,788.67
20-Dec-2016,793.09
21-Dec-2016,824.21
22-Dec-2016,834.97
23-Dec-2016,901.31
24-Dec-2016,891.61
25-Dec-2016,892.6
26-Dec-2016,897.33
27-Dec-2016,930.37
28-Dec-2016,930.34
29-Dec-2016,963.38
30-Dec-2016,952.15
31-Dec-2016,958.12
01-Jan-2017,997.72
02-Jan-2017,1015.97
03-Jan-2017,1013.42
04-Jan-2017,1126.76
05-Jan-2017,994.67
06-Jan-2017,999.65
07-Jan-2017,896.83
08-Jan-2017,908.14
09-Jan-2017,910.49
10-Jan-2017,906.05
11-Jan-2017,785.22
12-Jan-2017,780.92
13-Jan-2017,826.29
14-Jan-2017,817.91
15-Jan-2017,819.55
16-Jan-2017,830.5
17-Jan-2017,903.84
18-Jan-2017,906.6
19-Jan-2017,895.7989
20-Jan-2017,893.6211
21-Jan-2017,895.64
22-Jan-2017,918.6036
23-Jan-2017,922.0736
24-Jan-2017,919.97
25-Jan-2017,893.0456
26-Jan-2017,915.9562
27-Jan-2017,915.05
28-Jan-2017,920.3122
29-Jan-2017,915.933
30-Jan-2017,912.19
31-Jan-2017,964.7061
01-Feb-2017,979.7039
02-Feb-2017,983.42
03-Feb-2017,1013.027
04-Feb-2017,1030.9994
05-Feb-2017,1034.07
06-Feb-2017,1024.0138
07-Feb-2017,1050.11
08-Feb-2017,1052.84
09-Feb-2017,976.103
10-Feb-2017,999.1035
11-Feb-2017,997.59
12-Feb-2017,1000.6046
13-Feb-2017,999.8774
14-Feb-2017,1001.2
15-Feb-2017,1012.326
16-Feb-2017,1035.2081
17-Feb-2017,1035.2
18-Feb-2017,1056.6371
19-Feb-2017,1052.7793
20-Feb-2017,1050.87
21-Feb-2017,1123.7884
22-Feb-2017,1123.2232
23-Feb-2017,1130.01
24-Feb-2017,1174.8662
25-Feb-2017,1150.6057
26-Feb-2017,1150.37
27-Feb-2017,1190.752
28-Feb-2017,1187.5653
01-Mar-2017,1190.89
02-Mar-2017,1259.4108
03-Mar-2017,1285.14
04-Mar-2017,1287
05-Mar-2017,1270.9333
06-Mar-2017,1275.1974
07-Mar-2017,1279.5
08-Mar-2017,1157.3933
09-Mar-2017,1192.4691
10-Mar-2017,1192.09
11-Mar-2017,1179.1599
12-Mar-2017,1227.4946
13-Mar-2017,1227.68
14-Mar-2017,1245.3708
15-Mar-2017,1257.3996
16-Mar-2017,1257
17-Mar-2017,1091.1719
18-Mar-2017,952.2324
19-Mar-2017,967.69
20-Mar-2017,1049.0845
21-Mar-2017,1118.63
22-Mar-2017,1113
23-Mar-2017,1038.789
24-Mar-2017,941.9197
25-Mar-2017,927.93
26-Mar-2017,956.7863
27-Mar-2017,1037.2292
28-Mar-2017,1041.04
29-Mar-2017,1040.5755
30-Mar-2017,1037.9046
31-Mar-2017,1034.74
01-Apr-2017,1086.9296
02-Apr-2017,1099.1691
03-Apr-2017,1079.99
04-Apr-2017,1141.6004
05-Apr-2017,1133.0793
06-Apr-2017,1133.53
07-Apr-2017,1190.4542
08-Apr-2017,1181.1498
09-Apr-2017,1184.03
10-Apr-2017,1207.7449
11-Apr-2017,1226.617
12-Apr-2017,1219.09
13-Apr-2017,1180.0237
14-Apr-2017,1185.2601
15-Apr-2017,1170.36
16-Apr-2017,1186.9274
17-Apr-2017,1205.6349
18-Apr-2017,1176.97
19-Apr-2017,1217.9301
20-Apr-2017,1241.6863
21-Apr-2017,1236.63
22-Apr-2017,1261.3112
23-Apr-2017,1257.9881
24-Apr-2017,1240.84
25-Apr-2017,1279.4147
26-Apr-2017,1309.1099
27-Apr-2017,1288.02
28-Apr-2017,1331.2944
29-Apr-2017,1334.979
30-Apr-2017,1333
01-May-2017,1417.1728
02-May-2017,1452.0763
03-May-2017,1447.55
04-May-2017,1508.2921
05-May-2017,1533.3351
06-May-2017,1518.75
07-May-2017,1535.8684
08-May-2017,1640.6192
09-May-2017,1651.1
10-May-2017,1762.8862
11-May-2017,1820.9906
12-May-2017,1829
13-May-2017,1771.92
14-May-2017,1776.3165
15-May-2017,1780
16-May-2017,1739.032
17-May-2017,1807.4851
18-May-2017,1783.98
19-May-2017,1961.5205
20-May-2017,2052.9098
21-May-2017,2008.84
22-May-2017,2090.6623
23-May-2017,2287.7103
24-May-2017,2256.32
25-May-2017,2387.2063
26-May-2017,2211.9769
27-May-2017,2279.82
28-May-2017,2192.9808
29-May-2017,2275.9307
30-May-2017,2290.02
31-May-2017,2285.9339
01-Jun-2017,2399.2427
02-Jun-2017,2409.93
03-Jun-2017,2525.7652
04-Jun-2017,2516.1731
05-Jun-2017,2529.53
06-Jun-2017,2883.3137
07-Jun-2017,2664.9209
08-Jun-2017,2683.03
09-Jun-2017,2827.4913
10-Jun-2017,2845.3729
11-Jun-2017,2898.63
12-Jun-2017,2657.6751
13-Jun-2017,2748.1851
14-Jun-2017,2706
15-Jun-2017,2442.4802
16-Jun-2017,2464.9598
17-Jun-2017,2477.94
18-Jun-2017,2507.3893
19-Jun-2017,2617.2103
20-Jun-2017,2600
21-Jun-2017,2671.0432
22-Jun-2017,2727.288
23-Jun-2017,2713.48
24-Jun-2017,2589.1649
25-Jun-2017,2512.3663
26-Jun-2017,2502.03
27-Jun-2017,2517.9031
28-Jun-2017,2585.3492
29-Jun-2017,2558.3
30-Jun-2017,2477.6414
01-Jul-2017,2501.1913
02-Jul-2017,2421.26
03-Jul-2017,2561.2254
04-Jul-2017,2599.7298
05-Jul-2017,2598.89
06-Jul-2017,2609.9677
07-Jul-2017,2491.2012
08-Jul-2017,2502.86
09-Jul-2017,2536.2389
10-Jul-2017,2366.1701
11-Jul-2017,2327.09
12-Jul-2017,2385.7486
13-Jul-2017,2354.7834
14-Jul-2017,2338.49
15-Jul-2017,2058.9956
16-Jul-2017,1931.2143
17-Jul-2017,1910.96
18-Jul-2017,2320.1222
19-Jul-2017,2264.7657
20-Jul-2017,2265.21
21-Jul-2017,2682.1954
22-Jul-2017,2807.6099
23-Jul-2017,2825.51
24-Jul-2017,2751.821
25-Jul-2017,2560.9979
26-Jul-2017,2564.3
27-Jul-2017,2647.625
28-Jul-2017,2781.6366
29-Jul-2017,2784.8
30-Jul-2017,2745.9554
31-Jul-2017,2866.4317
01-Aug-2017,2862.9
02-Aug-2017,2693.634
03-Aug-2017,2794.1177
04-Aug-2017,2790
05-Aug-2017,3218.115
06-Aug-2017,3252.5625
07-Aug-2017,3210.2
08-Aug-2017,3457.3743
09-Aug-2017,3357.3263
10-Aug-2017,3340.28
11-Aug-2017,3632.5067
12-Aug-2017,3852.8029
13-Aug-2017,3868.52
14-Aug-2017,4282.992
15-Aug-2017,4217.0283
16-Aug-2017,4179.97
17-Aug-2017,4328.7257
18-Aug-2017,4130.4401
19-Aug-2017,4104.71
20-Aug-2017,4157.958
21-Aug-2017,4043.722
22-Aug-2017,3986.28
23-Aug-2017,4174.95
24-Aug-2017,4340.3167
25-Aug-2017,4331.77
26-Aug-2017,4360.5133
27-Aug-2017,4354.3083
28-Aug-2017,4339.05
29-Aug-2017,4607.9854
30-Aug-2017,4594.9879
31-Aug-2017,4582.52
01-Sep-2017,4911.74
02-Sep-2017,4580.3875
03-Sep-2017,4585.57
04-Sep-2017,4344.0983
05-Sep-2017,4488.7201
06-Sep-2017,4385.02
07-Sep-2017,4654.6585
08-Sep-2017,4310.7502
09-Sep-2017,4312.26
10-Sep-2017,4329.955
11-Sep-2017,4248.09
12-Sep-2017,4198.59
13-Sep-2017,3961.2713
14-Sep-2017,3319.63
15-Sep-2017,3216.43
16-Sep-2017,3763.626
17-Sep-2017,3746.0608
18-Sep-2017,3678.53
19-Sep-2017,3943.4133
20-Sep-2017,3977.5617
21-Sep-2017,3894.48
22-Sep-2017,3637.5026
23-Sep-2017,3776.3869
24-Sep-2017,3777.62
25-Sep-2017,3942.555
26-Sep-2017,3910.3074
27-Sep-2017,3881
28-Sep-2017,4201.989
29-Sep-2017,4193.5747
30-Sep-2017,4164.27
01-Oct-2017,4360.723
02-Oct-2017,4386.8838
03-Oct-2017,4394.07
04-Oct-2017,4225.175
05-Oct-2017,4338.852
06-Oct-2017,4318.58
07-Oct-2017,4376.1917
08-Oct-2017,4602.2809
09-Oct-2017,4605.66
10-Oct-2017,4782.28
11-Oct-2017,4819.4858
12-Oct-2017,4822.17
13-Oct-2017,5563.8066
14-Oct-2017,5739.4387
15-Oct-2017,5825.99
16-Oct-2017,5711.2059
17-Oct-2017,5603.7129
18-Oct-2017,5594.66
19-Oct-2017,5727.6335
20-Oct-2017,5979.4598
21-Oct-2017,5986.44
22-Oct-2017,5983.1846
23-Oct-2017,5876.0799
24-Oct-2017,5900.59
25-Oct-2017,5669.6225
26-Oct-2017,5893.1384
27-Oct-2017,5889.82
28-Oct-2017,5776.6969
29-Oct-2017,6155.434
30-Oct-2017,6136.49
31-Oct-2017,6388.6452
01-Nov-2017,6665.3067
02-Nov-2017,6751.98
03-Nov-2017,7197.7201
04-Nov-2017,7437.5433
05-Nov-2017,7365.99
06-Nov-2017,6989.0717
07-Nov-2017,7092.1272
08-Nov-2017,7128.64
09-Nov-2017,7158.0371
10-Nov-2017,6719.3978
11-Nov-2017,6569.22
12-Nov-2017,5716.3016
13-Nov-2017,6550.2275
14-Nov-2017,6493.63
15-Nov-2017,7301.4299
16-Nov-2017,7815.0307
17-Nov-2017,7868.77
18-Nov-2017,7817.1404
19-Nov-2017,8007.6541
20-Nov-2017,8049.72
21-Nov-2017,8059.8
22-Nov-2017,8268.035
23-Nov-2017,8236.72
24-Nov-2017,8250.9783
25-Nov-2017,8707.4073
26-Nov-2017,8768.8
27-Nov-2017,9718.295
28-Nov-2017,9952.5088
29-Nov-2017,9919
30-Nov-2017,10147.372
01-Dec-2017,10883.912
02-Dec-2017,10879.88
03-Dec-2017,11332.622
04-Dec-2017,11584.83
05-Dec-2017,11591.22
06-Dec-2017,13540.98
07-Dec-2017,16501.9717
08-Dec-2017,16860.88
09-Dec-2017,15142.8342
10-Dec-2017,14869.805
11-Dec-2017,15068.95
12-Dec-2017,17276.3933
13-Dec-2017,16808.3667
14-Dec-2017,16252.31
15-Dec-2017,17771.9
16-Dec-2017,19498.6833
17-Dec-2017,19279.9
18-Dec-2017,18961.8567
19-Dec-2017,17737.1117
20-Dec-2017,17382.94
21-Dec-2017,16047.51
22-Dec-2017,15190.945
23-Dec-2017,13776.61
24-Dec-2017,13949.175
25-Dec-2017,14119.0283
26-Dec-2017,13740.94
27-Dec-2017,15589.3217
28-Dec-2017,14380.5817
29-Dec-2017,14214.01
30-Dec-2017,13215.574
31-Dec-2017,14165.575
01-Jan-2018,13796
02-Jan-2018,15005.8567
03-Jan-2018,15053.2617
04-Jan-2018,15039.24
05-Jan-2018,17174.12
06-Jan-2018,17319.198
07-Jan-2018,17155.95
08-Jan-2018,15265.9067
09-Jan-2018,14714.2533
10-Jan-2018,14437.42
11-Jan-2018,13296.794
12-Jan-2018,13912.882
13-Jan-2018,13791.19
14-Jan-2018,13852.92
15-Jan-2018,14012.196
16-Jan-2018,13554.14
17-Jan-2018,11116.9467
18-Jan-2018,11345.4233
19-Jan-2018,11174.82
20-Jan-2018,12950.7933
21-Jan-2018,11505.228
22-Jan-2018,11513.42
23-Jan-2018,11223.064
24-Jan-2018,11282.2583
25-Jan-2018,11392.03
26-Jan-2018,10969.815
27-Jan-2018,11524.7767
28-Jan-2018,11431.37
29-Jan-2018,11212.655
30-Jan-2018,10184.0617
31-Jan-2018,10082.52
01-Feb-2018,9083.2583
02-Feb-2018,8901.9017
03-Feb-2018,8852.73
04-Feb-2018,8400.6483
05-Feb-2018,6838.8167
06-Feb-2018,6925.46
07-Feb-2018,8099.9583
08-Feb-2018,8240.5367
09-Feb-2018,8245.08
10-Feb-2018,8319.8766
11-Feb-2018,8343.455
12-Feb-2018,8068.02
13-Feb-2018,8597.7675
14-Feb-2018,9334.6333
15-Feb-2018,9471.64
16-Feb-2018,10127.1617
17-Feb-2018,10841.9917
18-Feb-2018,11085.83
19-Feb-2018,11110.965
20-Feb-2018,11390.3917
21-Feb-2018,11245.98
22-Feb-2018,9931.0717
23-Feb-2018,10162.1167
24-Feb-2018,10171.3
25-Feb-2018,9696.5933
26-Feb-2018,10348.6033
27-Feb-2018,10319.46
28-Feb-2018,10370.165
01-Mar-2018,11009.3817
02-Mar-2018,10931.12
03-Mar-2018,11326.9483
04-Mar-2018,11430.1817
05-Mar-2018,11516.83
06-Mar-2018,10763.1983
07-Mar-2018,10118.058
08-Mar-2018,9920.46
09-Mar-2018,9089.2783
10-Mar-2018,8746.002
11-Mar-2018,8777.37
12-Mar-2018,9182.8433
13-Mar-2018,9154.7
14-Mar-2018,9153.54
15-Mar-2018,8358.1217
16-Mar-2018,8530.402
17-Mar-2018,8297.89
18-Mar-2018,8171.415
19-Mar-2018,8412.0333
20-Mar-2018,8605.64
21-Mar-2018,8947.7533
22-Mar-2018,8690.4083
23-Mar-2018,8725.37
24-Mar-2018,8662.3783
25-Mar-2018,8617.2967
26-Mar-2018,8457.96
27-Mar-2018,7876.195
28-Mar-2018,7960.38
29-Mar-2018,7950.61
30-Mar-2018,6882.5317
31-Mar-2018,6935.48
01-Apr-2018,6937.56
02-Apr-2018,7035.8483
03-Apr-2018,7410.435
04-Apr-2018,7426.48
05-Apr-2018,6826.51
06-Apr-2018,6603.8767
07-Apr-2018,6634.68
08-Apr-2018,7017.6567
09-Apr-2018,6699.2733
10-Apr-2018,6784.41
11-Apr-2018,6926.2667
12-Apr-2018,7847.845
13-Apr-2018,7941.46
14-Apr-2018,8036.5111
15-Apr-2018,8340.7483
16-Apr-2018,8368.1
17-Apr-2018,7895.4169
18-Apr-2018,8164.9374
19-Apr-2018,8175.96
20-Apr-2018,8852.7183
21-Apr-2018,8807.205
22-Apr-2018,8930.6
23-Apr-2018,8933.8617
24-Apr-2018,9555.542
25-Apr-2018,9658.11
26-Apr-2018,9258.3983
27-Apr-2018,9010.32
28-Apr-2018,8928.55
29-Apr-2018,9334.2817
30-Apr-2018,9259.57
01-May-2018,9239.55
02-May-2018,9221.426
03-May-2018,9639.2683
04-May-2018,9753.35
05-May-2018,9803.3067
06-May-2018,9630.1363
07-May-2018,9631.44
08-May-2018,9228.6083
09-May-2018,9322.0417
10-May-2018,9310.37
11-May-2018,8468.788
12-May-2018,8484.3467
13-May-2018,8463.52
14-May-2018,8652.0383
15-May-2018,8511.458
16-May-2018,8471.06
17-May-2018,8106.1183
18-May-2018,8240.055
19-May-2018,8239.08
20-May-2018,8507.4067
21-May-2018,8385.5562
22-May-2018,8396.63
23-May-2018,7555.74
24-May-2018,7566.1933
25-May-2018,7576.78
26-May-2018,7342.9083
27-May-2018,7361.8317
28-May-2018,7344.56
29-May-2018,7459.8767
30-May-2018,7385.395
31-May-2018,7386.72
01-Jun-2018,7535.1467
02-Jun-2018,7645.1467
03-Jun-2018,7637.14
04-Jun-2018,7500.2733
05-Jun-2018,7615.7221
06-Jun-2018,7619.43
07-Jun-2018,7676.2717
08-Jun-2018,7620.1533
09-Jun-2018,7615.54
10-Jun-2018,6776.8883
11-Jun-2018,6875.6783
12-Jun-2018,6879.31
13-Jun-2018,6315.7
14-Jun-2018,6647.0133
15-Jun-2018,6637.41
16-Jun-2018,6509.4267
17-Jun-2018,6464.4117
18-Jun-2018,6445.79
19-Jun-2018,6737
20-Jun-2018,6714.7183
21-Jun-2018,6760.83
22-Jun-2018,6332.5733
23-Jun-2018,6141.6058
24-Jun-2018,6170.46
25-Jun-2018,6211.4475
26-Jun-2018,6218.595
27-Jun-2018,6097.46
28-Jun-2018,6107.8962
29-Jun-2018,5908.7025
30-Jun-2018,6223.28
01-Jul-2018,6374.7542
02-Jul-2018,6466.0692
03-Jul-2018,6626.44
04-Jul-2018,6593.2892
05-Jul-2018,6603.3767
06-Jul-2018,6555.51
07-Jul-2018,6594.2817
08-Jul-2018,6753.5592
09-Jul-2018,6724.04
10-Jul-2018,6510.7917
11-Jul-2018,6377.3633
12-Jul-2018,6403.18
13-Jul-2018,6244.3575
14-Jul-2018,6241
15-Jul-2018,6248.84
16-Jul-2018,6514.3908
17-Jul-2018,6869.9108
18-Jul-2018,7321.62
19-Jul-2018,7396.4017
20-Jul-2018,7428.045
21-Jul-2018,7334.99
22-Jul-2018,7451.2892
23-Jul-2018,7689.8842
24-Jul-2018,7715.1
25-Jul-2018,8251.165
26-Jul-2018,8187.3242
27-Jul-2018,7939.81
28-Jul-2018,8182.2517
29-Jul-2018,8206.3417
30-Jul-2018,8220.91
31-Jul-2018,7916.8008
01-Aug-2018,7570.8692
02-Aug-2018,7607.7
03-Aug-2018,7394.4992
04-Aug-2018,7247.7692
05-Aug-2018,7011.28
06-Aug-2018,6988.0792
07-Aug-2018,6993.5133
08-Aug-2018,6718.23
09-Aug-2018,6396.7725
10-Aug-2018,6396.4947
11-Aug-2018,6138.96
12-Aug-2018,6311.1317
13-Aug-2018,6347.07
14-Aug-2018,6252.13
15-Aug-2018,6362.6769
16-Aug-2018,6342.6292
17-Aug-2018,6312.75
18-Aug-2018,6436.7208
19-Aug-2018,6404.0633
20-Aug-2018,6486.58
21-Aug-2018,6401.2462
22-Aug-2018,6575.2292
23-Aug-2018,6354.57
24-Aug-2018,6543.6457
25-Aug-2018,6719.4292
26-Aug-2018,6738.27
27-Aug-2018,6719.2662
28-Aug-2018,7000.04
29-Aug-2018,7078.19
30-Aug-2018,6932.6625
31-Aug-2018,6981.9462
01-Sep-2018,7018.78
02-Sep-2018,7247.9354
03-Sep-2018,7260.9492
04-Sep-2018,7265.08
05-Sep-2018,7113.0692
06-Sep-2018,6433.2717
07-Sep-2018,6501.19
08-Sep-2018,6366.1075
09-Sep-2018,6286.4258
10-Sep-2018,6240.98
11-Sep-2018,6296.3208
12-Sep-2018,6273.1375
13-Sep-2018,6326.04
14-Sep-2018,6499.0625
15-Sep-2018,6518.655
16-Sep-2018,6522.39
17-Sep-2018,6400.6008
18-Sep-2018,6296.6317
19-Sep-2018,6342.39
20-Sep-2018,6418.5627
21-Sep-2018,6669.9908
22-Sep-2018,6756.12
23-Sep-2018,6710.445
24-Sep-2018,6639.3042
25-Sep-2018,6583.45
26-Sep-2018,6468.6317
27-Sep-2018,6535.4767
28-Sep-2018,6686.08
29-Sep-2018,6550.4742
30-Sep-2018,6593.135
01-Oct-2018,6611.02
02-Oct-2018,6562.6417
03-Oct-2018,6470.4025
04-Oct-2018,6483.73
05-Oct-2018,6568.5492
06-Oct-2018,6581.4867
07-Oct-2018,6573.62
08-Oct-2018,6618.5677
09-Oct-2018,6621.7117
10-Oct-2018,6626.85
11-Oct-2018,6248.6358
12-Oct-2018,6260.5308
13-Oct-2018,6247
14-Oct-2018,6299.3992
15-Oct-2018,6452.5717
16-Oct-2018,6599.17
17-Oct-2018,6596.2762
18-Oct-2018,6568.0408
19-Oct-2018,6509.61
20-Oct-2018,6488.8258
21-Oct-2018,6531.6017
22-Oct-2018,6504.78
23-Oct-2018,6481.426
24-Oct-2018,6508.31
25-Oct-2018,6489.77
26-Oct-2018,6473.7533
27-Oct-2018,6465.9175
28-Oct-2018,6457.21
29-Oct-2018,6382.6683
30-Oct-2018,6309.4529
31-Oct-2018,6301.61
01-Nov-2018,6342.2808
02-Nov-2018,6387.6742
03-Nov-2018,6390.42
04-Nov-2018,6391.8733
05-Nov-2018,6436.965
06-Nov-2018,6437.76
07-Nov-2018,6538.79
08-Nov-2018,6486.2517
09-Nov-2018,6444.97
10-Nov-2018,6399.0333
11-Nov-2018,6378.2683
12-Nov-2018,6408.53
13-Nov-2018,6372.0633
14-Nov-2018,6176.155
15-Nov-2018,5756.77
16-Nov-2018,5596.1925
17-Nov-2018,5558.2433
18-Nov-2018,5572.44
19-Nov-2018,5303.9425
20-Nov-2018,4671.97
21-Nov-2018,4491.98
22-Nov-2018,4548.7975
23-Nov-2018,4309.3375
24-Nov-2018,4352.98
25-Nov-2018,3823.5117
26-Nov-2018,3920.5367
27-Nov-2018,3793.35
28-Nov-2018,4103.4538
29-Nov-2018,4263.7833
30-Nov-2018,4278.77
01-Dec-2018,4116.7775
02-Dec-2018,4167.5467
03-Dec-2018,4140.6
04-Dec-2018,3961.4933
05-Dec-2018,3858.3492
06-Dec-2018,3744.98
07-Dec-2018,3405.6433
08-Dec-2018,3435.34
09-Dec-2018,3453.66
10-Dec-2018,3523.96
11-Dec-2018,3426.19
12-Dec-2018,3407.28
13-Dec-2018,3406.7625
14-Dec-2018,3278.3742
15-Dec-2018,3242.42
16-Dec-2018,3271.2383
17-Dec-2018,3392.405
18-Dec-2018,3556.54
19-Dec-2018,3808.0425
20-Dec-2018,3982.8508
21-Dec-2018,4135.19
22-Dec-2018,3910.9733
23-Dec-2018,4027.4783
24-Dec-2018,3995.17
25-Dec-2018,3813.88
26-Dec-2018,3825.3792
27-Dec-2018,3848.21
28-Dec-2018,3743.905
29-Dec-2018,3912.2858
30-Dec-2018,3770.36
31-Dec-2018,3791.5458
01-Jan-2019,3752.2717
02-Jan-2019,3855.88
03-Jan-2019,3865.7975
04-Jan-2019,3822.6267
05-Jan-2019,3856.62
06-Jan-2019,3920.4567
07-Jan-2019,4036.0933
08-Jan-2019,4032.25
09-Jan-2019,4034.1383
10-Jan-2019,3812.5858
11-Jan-2019,3646.25
12-Jan-2019,3646.3458
13-Jan-2019,3599.8417
14-Jan-2019,3531.96
15-Jan-2019,3656.785
16-Jan-2019,3621.2708
17-Jan-2019,3621.43
18-Jan-2019,3632.395
19-Jan-2019,3690.5233
20-Jan-2019,3703.98
21-Jan-2019,3548.4275
22-Jan-2019,3540.02
23-Jan-2019,3587.35
24-Jan-2019,3566.4
25-Jan-2019,3586.25
26-Jan-2019,3577.79
27-Jan-2019,3576.3
28-Jan-2019,3554.5
29-Jan-2019,3448.58
30-Jan-2019,3421.6
31-Jan-2019,3470
01-Feb-2019,3444.81
02-Feb-2019,3475.33
03-Feb-2019,3506.22
04-Feb-2019,3456.02
05-Feb-2019,3452.35
06-Feb-2019,3467.34
07-Feb-2019,3405.7
08-Feb-2019,3394.76
09-Feb-2019,3661.08
10-Feb-2019,3664.38
11-Feb-2019,3686.29
12-Feb-2019,3629.47
13-Feb-2019,3632.42
14-Feb-2019,3614.5
15-Feb-2019,3600.31
16-Feb-2019,3608.2
17-Feb-2019,3619.55
18-Feb-2019,3670.74
19-Feb-2019,3910.8
20-Feb-2019,3926.53
21-Feb-2019,3987.18
22-Feb-2019,3944.88
23-Feb-2019,3983.48
24-Feb-2019,4139.6
25-Feb-2019,3766.89
26-Feb-2019,3848.33
27-Feb-2019,3831.45
28-Feb-2019,3833.23
01-Mar-2019,3850.08
02-Mar-2019,3834.62
03-Mar-2019,3831.44
04-Mar-2019,3814.58
05-Mar-2019,3730.98
06-Mar-2019,3872.25
07-Mar-2019,3876.85
08-Mar-2019,3886.82
09-Mar-2019,3875.96
10-Mar-2019,3950.56
11-Mar-2019,3928.17
12-Mar-2019,3881.09
13-Mar-2019,3892.51
14-Mar-2019,3877.77
15-Mar-2019,3885.21
16-Mar-2019,3936.5
17-Mar-2019,4015.95
18-Mar-2019,3994.92
19-Mar-2019,3998.77
20-Mar-2019,4029.11
21-Mar-2019,4056.4
22-Mar-2019,3992.34
23-Mar-2019,3999.06
24-Mar-2019,4011.92
25-Mar-2019,3994.11
26-Mar-2019,3935.89
27-Mar-2019,3947.74
28-Mar-2019,4048.51
29-Mar-2019,4037.37
30-Mar-2019,4115.55
31-Mar-2019,4114.44
01-Apr-2019,4114.16
02-Apr-2019,4152.53
03-Apr-2019,4882.88
04-Apr-2019,4959.81
05-Apr-2019,4911.24
06-Apr-2019,5028.77
07-Apr-2019,5053.52
08-Apr-2019,5189.39
09-Apr-2019,5268.71
10-Apr-2019,5175.81
11-Apr-2019,5310.18
12-Apr-2019,5035.02
13-Apr-2019,5072.85
14-Apr-2019,5064.62
15-Apr-2019,5152.51
16-Apr-2019,5036.18
17-Apr-2019,5196.65
18-Apr-2019,5220.37
19-Apr-2019,5276.31
20-Apr-2019,5277.04
21-Apr-2019,5309.28
22-Apr-2019,5281.83
23-Apr-2019,5377.19
24-Apr-2019,5518.16
25-Apr-2019,5434.19
26-Apr-2019,5195.61
27-Apr-2019,5292.83
28-Apr-2019,5280.19
29-Apr-2019,5301.29
30-Apr-2019,5260.65
01-May-2019,5269.79
02-May-2019,5326.67
03-May-2019,5390.16
04-May-2019,5657.14
05-May-2019,5771.08
06-May-2019,5717.66
07-May-2019,5684.47
08-May-2019,5755.72
09-May-2019,5936.72
10-May-2019,6146.91
11-May-2019,6348.02
12-May-2019,7248.31
13-May-2019,6978.63
14-May-2019,7823.11
15-May-2019,7992.69
16-May-2019,8206.9
17-May-2019,7885.96
18-May-2019,7362.22
19-May-2019,7265.05
20-May-2019,8193.7
21-May-2019,8007.03
22-May-2019,7952.5
23-May-2019,7625.93
24-May-2019,7880.29
25-May-2019,8003.26
26-May-2019,8071.45
27-May-2019,8744.42
28-May-2019,8770.06
29-May-2019,8719.88
30-May-2019,8662.98
31-May-2019,8272.46
01-Jun-2019,8553.81
02-Jun-2019,8554.8
03-Jun-2019,8739.03
04-Jun-2019,8134.92
05-Jun-2019,7675.8
06-Jun-2019,7786.04
07-Jun-2019,7803.23
08-Jun-2019,7998.29
09-Jun-2019,7931.34
10-Jun-2019,7640.61
11-Jun-2019,8020.38
12-Jun-2019,7917.58
13-Jun-2019,8173.06
14-Jun-2019,8237.88
15-Jun-2019,8693.6
16-Jun-2019,8859.47
17-Jun-2019,8978.99
18-Jun-2019,9327.48
19-Jun-2019,9076.18
20-Jun-2019,9281.7
21-Jun-2019,9531.35
22-Jun-2019,10209.38
23-Jun-2019,10668.63
24-Jun-2019,10814.48
25-Jun-2019,11017.5
26-Jun-2019,11766.4
27-Jun-2019,12932.55
28-Jun-2019,11132.85
29-Jun-2019,12374.35
30-Jun-2019,11890.38
01-Jul-2019,10737.73
02-Jul-2019,10578.72
03-Jul-2019,10805.4
04-Jul-2019,11984.76
05-Jul-2019,11160.49
06-Jul-2019,10955.16
07-Jul-2019,11232.04
08-Jul-2019,11477.01
09-Jul-2019,12313.08
10-Jul-2019,12586.78
11-Jul-2019,12099.9
12-Jul-2019,11352.87
13-Jul-2019,11803.97
14-Jul-2019,11389.1
15-Jul-2019,10186.96
16-Jul-2019,10873.5
17-Jul-2019,9397.72
18-Jul-2019,9674.28
19-Jul-2019,10638.56
20-Jul-2019,10535.75
21-Jul-2019,10764.9
22-Jul-2019,10587.41
23-Jul-2019,10323.62
24-Jul-2019,9844.3
25-Jul-2019,9772.17
26-Jul-2019,9875.17
27-Jul-2019,9848.65
28-Jul-2019,9473.99
29-Jul-2019,9530
30-Jul-2019,9501.33
31-Jul-2019,9589.13
01-Aug-2019,10084.7
02-Aug-2019,10407.17
03-Aug-2019,10529.55
04-Aug-2019,10814.57
05-Aug-2019,10980.23
06-Aug-2019,11787.99
07-Aug-2019,11465.67
08-Aug-2019,11960.82
09-Aug-2019,11996.41
10-Aug-2019,11856.64
11-Aug-2019,11282.22
12-Aug-2019,11566.84
13-Aug-2019,11386.26
14-Aug-2019,10858.12
15-Aug-2019,10016.96
16-Aug-2019,10302.17
17-Aug-2019,10359.44
18-Aug-2019,10214.52
19-Aug-2019,10317.6
20-Aug-2019,10917.26
21-Aug-2019,10760.56
22-Aug-2019,10129.4
23-Aug-2019,10111.98
24-Aug-2019,10405.81
25-Aug-2019,10143.8
26-Aug-2019,10135.06
27-Aug-2019,10360.28
28-Aug-2019,10171.95
29-Aug-2019,9717.82
30-Aug-2019,9484.55
31-Aug-2019,9577.99
01-Sep-2019,9600.9
02-Sep-2019,9769.79
03-Sep-2019,10386.64
04-Sep-2019,10621.29
05-Sep-2019,10584.16
06-Sep-2019,10577.8
07-Sep-2019,10317.47
08-Sep-2019,10487.21
09-Sep-2019,10406.31
10-Sep-2019,10313.66
11-Sep-2019,10101.03
12-Sep-2019,10159.32
13-Sep-2019,10420.16
14-Sep-2019,10363.9
15-Sep-2019,10361.33
16-Sep-2019,10310.43
17-Sep-2019,10265.63
18-Sep-2019,10190.36
19-Sep-2019,10157.59
20-Sep-2019,10275.88
21-Sep-2019,10173.11
22-Sep-2019,9979.49
23-Sep-2019,10033.05
24-Sep-2019,9683.38
25-Sep-2019,8553.61
26-Sep-2019,8432.23
27-Sep-2019,8055.64
28-Sep-2019,8193.9
29-Sep-2019,8225
30-Sep-2019,8056.74
01-Oct-2019,8307.74
02-Oct-2019,8322.92
03-Oct-2019,8382.03
04-Oct-2019,8236.17
05-Oct-2019,8155.48
06-Oct-2019,8147.69
07-Oct-2019,7869.74
08-Oct-2019,8212.02
09-Oct-2019,8190
10-Oct-2019,8587.92
11-Oct-2019,8586.9
12-Oct-2019,8269.73
13-Oct-2019,8308.01
14-Oct-2019,8283.76
15-Oct-2019,8353.54
16-Oct-2019,8162.16
17-Oct-2019,8002.51
18-Oct-2019,8076.78
19-Oct-2019,7954.15
20-Oct-2019,7960.04
21-Oct-2019,8231.06
22-Oct-2019,8222.52
23-Oct-2019,8026.76
24-Oct-2019,7469.56
25-Oct-2019,7431.88
26-Oct-2019,8666.79
27-Oct-2019,9259.8
28-Oct-2019,9551.54
29-Oct-2019,9218.76
30-Oct-2019,9433.35
31-Oct-2019,9164.62
01-Nov-2019,9147.98
02-Nov-2019,9252.99
03-Nov-2019,9301.18
04-Nov-2019,9206.16
05-Nov-2019,9418.05
06-Nov-2019,9310.19
07-Nov-2019,9343.34
08-Nov-2019,9204.24
09-Nov-2019,8766.04
10-Nov-2019,8809.41
11-Nov-2019,9037.12
12-Nov-2019,8717.81
13-Nov-2019,8801.52
14-Nov-2019,8762.42
15-Nov-2019,8632.32
16-Nov-2019,8457.69
17-Nov-2019,8482.7
18-Nov-2019,8503.93
19-Nov-2019,8175.99
20-Nov-2019,8120.8
21-Nov-2019,8081.81
22-Nov-2019,7617.07
23-Nov-2019,7286.35
24-Nov-2019,7324.03
25-Nov-2019,6907.4
26-Nov-2019,7130.25
27-Nov-2019,7163.63
28-Nov-2019,7523.83
29-Nov-2019,7431
30-Nov-2019,7757.47
01-Dec-2019,7557.72
02-Dec-2019,7402.69
03-Dec-2019,7309.59
04-Dec-2019,7296.77
05-Dec-2019,7192.85
06-Dec-2019,7395.97
07-Dec-2019,7547.19
08-Dec-2019,7504.83
09-Dec-2019,7522.39
10-Dec-2019,7337.42
11-Dec-2019,7220.76
12-Dec-2019,7202.31
13-Dec-2019,7189.16
14-Dec-2019,7251.87
15-Dec-2019,7067.74
16-Dec-2019,7111.14
17-Dec-2019,6879.54
18-Dec-2019,6612.12
19-Dec-2019,7284.29
20-Dec-2019,7150.86
21-Dec-2019,7190.17
22-Dec-2019,7143.2
23-Dec-2019,7514.41
24-Dec-2019,7322.08
25-Dec-2019,7250.69
26-Dec-2019,7192.72
27-Dec-2019,7194.4
28-Dec-2019,7243.93
29-Dec-2019,7301.07
30-Dec-2019,7385.36
31-Dec-2019,7219.6
01-Jan-2020,7168.31
02-Jan-2020,7175.68
03-Jan-2020,6944.33
04-Jan-2020,7326.35
05-Jan-2020,7347.89
06-Jan-2020,7351.57
07-Jan-2020,7759.24
08-Jan-2020,8165.47
09-Jan-2020,8042.65
10-Jan-2020,7817.92
11-Jan-2020,8184.66
12-Jan-2020,8021.49
13-Jan-2020,8173.97
14-Jan-2020,8105.24
15-Jan-2020,8842.42
16-Jan-2020,8813.89
17-Jan-2020,8722.03
18-Jan-2020,8900.34
19-Jan-2020,8910.85
20-Jan-2020,8703.36
21-Jan-2020,8626.47
22-Jan-2020,8722.26
23-Jan-2020,8658.94
24-Jan-2020,8388.11
25-Jan-2020,8428.17
26-Jan-2020,8327.36
27-Jan-2020,8588.42
28-Jan-2020,8895.78
29-Jan-2020,9385.69
30-Jan-2020,9279.81
31-Jan-2020,9502.37
01-Feb-2020,9333.77
02-Feb-2020,9378.09
03-Feb-2020,9314.56
04-Feb-2020,9162.14
05-Feb-2020,9162.14
06-Feb-2020,9614.9
07-Feb-2020,9755.66
08-Feb-2020,9807.54
09-Feb-2020,9907.12
10-Feb-2020,10162.41
11-Feb-2020,9854.79
12-Feb-2020,10275.38
13-Feb-2020,10354.3
14-Feb-2020,10242.43
15-Feb-2020,10368.53
16-Feb-2020,9904.17
17-Feb-2020,9937.67
18-Feb-2020,9703.93
19-Feb-2020,10180.65
20-Feb-2020,9604.72
21-Feb-2020,9606.86
22-Feb-2020,9696.58
23-Feb-2020,9669.63
24-Feb-2020,9989.39
25-Feb-2020,9663.75
26-Feb-2020,9309.15
27-Feb-2020,8785.52
28-Feb-2020,8804.72
29-Feb-2020,8712.35
01-Mar-2020,8534.17
02-Mar-2020,8912.82
03-Mar-2020,8912.82
04-Mar-2020,8754.34
05-Mar-2020,8758.9
06-Mar-2020,9067.39
07-Mar-2020,9155.89
08-Mar-2020,8898.63
09-Mar-2020,8039.38
10-Mar-2020,7931.94
11-Mar-2020,7885.46
12-Mar-2020,7936.65
13-Mar-2020,4830.21
14-Mar-2020,5609.03
15-Mar-2020,5166.26
16-Mar-2020,5348.44
17-Mar-2020,5026.35
18-Mar-2020,5357.61
19-Mar-2020,5410.23
20-Mar-2020,6195.2
21-Mar-2020,6226.44
22-Mar-2020,6189.85
23-Mar-2020,5822.62
24-Mar-2020,6502.16
25-Mar-2020,6768.49
26-Mar-2020,6698.46
27-Mar-2020,6763.75
28-Mar-2020,6369.09
29-Mar-2020,6260.95
30-Mar-2020,5885.41
31-Mar-2020,6405.29
01-Apr-2020,6428.28
02-Apr-2020,6652.87
03-Apr-2020,6809.11
04-Apr-2020,6741.67
05-Apr-2020,6871.69
06-Apr-2020,6777.44
07-Apr-2020,7343.2
08-Apr-2020,7205.55
09-Apr-2020,7365.03
10-Apr-2020,7293.69
11-Apr-2020,6873.24
12-Apr-2020,6891.6
13-Apr-2020,6915.37
14-Apr-2020,6857.66
15-Apr-2020,6871.95
16-Apr-2020,6623.8
17-Apr-2020,7112.27
18-Apr-2020,7034.89
19-Apr-2020,7259.36
20-Apr-2020,7130.04
21-Apr-2020,6840.24
22-Apr-2020,6852.52
23-Apr-2020,7130.99
24-Apr-2020,7477.6
25-Apr-2020,7507.08
26-Apr-2020,7549.52
27-Apr-2020,7699.27
28-Apr-2020,7790.66
29-Apr-2020,7765.33
30-Apr-2020,8777.63
01-May-2020,8628.77
02-May-2020,8824.66
03-May-2020,8973.82
04-May-2020,8903.95
05-May-2020,8885.93
06-May-2020,9030.96
07-May-2020,9170.79
08-May-2020,10002.48
09-May-2020,9821.8
10-May-2020,9527.39
11-May-2020,8754.46
12-May-2020,8617.25
13-May-2020,8814.53
14-May-2020,9305.93
15-May-2020,9790.31
16-May-2020,9303.59
17-May-2020,9385.7
18-May-2020,9669.4
19-May-2020,9719.37
20-May-2020,9785.74
21-May-2020,9510.67
22-May-2020,9057.57
23-May-2020,9167.26
24-May-2020,9178.32
25-May-2020,8730.73
26-May-2020,8899.66
27-May-2020,8842.85
28-May-2020,9197.54
29-May-2020,9569.21
30-May-2020,9425.98
31-May-2020,9698.1
01-Jun-2020,9450.84
02-Jun-2020,10204.23
03-Jun-2020,9525.57
04-Jun-2020,9658.04
05-Jun-2020,9794.56
06-Jun-2020,9623.75
07-Jun-2020,9670.43
08-Jun-2020,9753.85
09-Jun-2020,9782.59
10-Jun-2020,9775.15
11-Jun-2020,9892.13
12-Jun-2020,9286.42
13-Jun-2020,9459.97
14-Jun-2020,9473.5
15-Jun-2020,9330.07
16-Jun-2020,9426.7
17-Jun-2020,9526
18-Jun-2020,9454.81
19-Jun-2020,9380.03
20-Jun-2020,9300.15
21-Jun-2020,9357.43
22-Jun-2020,9284.78
23-Jun-2020,9691.9
24-Jun-2020,9621.49
25-Jun-2020,9276.58
26-Jun-2020,9240.85
27-Jun-2020,9154.45
28-Jun-2020,9004.23
29-Jun-2020,9127.47
30-Jun-2020,9185.35
01-Jul-2020,9133.97
02-Jul-2020,9236.38
03-Jul-2020,9087.98
04-Jul-2020,9072.42
05-Jul-2020,9131.31
06-Jul-2020,9089.09
07-Jul-2020,9348.91
08-Jul-2020,9256.23
09-Jul-2020,9440.07
10-Jul-2020,9238.04
11-Jul-2020,9287.4
12-Jul-2020,9235.96
13-Jul-2020,9295.9
14-Jul-2020,9238.13
15-Jul-2020,9254.52
16-Jul-2020,9193.51
17-Jul-2020,9131
18-Jul-2020,9154.19
19-Jul-2020,9174.71
20-Jul-2020,9214.66
21-Jul-2020,9163.87
22-Jul-2020,9392.66
23-Jul-2020,9537.4
24-Jul-2020,9613.11
25-Jul-2020,9551.28
26-Jul-2020,9707.5
27-Jul-2020,9938.83
28-Jul-2020,11042.4
29-Jul-2020,10934.94
30-Jul-2020,11102.67
31-Jul-2020,11114.93
01-Aug-2020,11343.88
02-Aug-2020,11823.69
03-Aug-2020,11077.77
04-Aug-2020,11242.57
05-Aug-2020,11194.25
06-Aug-2020,11750.28
07-Aug-2020,11772.94
08-Aug-2020,11605.6
09-Aug-2020,11767.6
10-Aug-2020,11684.06
11-Aug-2020,11893.03
12-Aug-2020,11392.43
13-Aug-2020,11573.11
14-Aug-2020,11777.43
15-Aug-2020,11774.38
16-Aug-2020,11873.98
17-Aug-2020,11914.01
18-Aug-2020,12293.72
19-Aug-2020,11969.53
20-Aug-2020,11734
21-Aug-2020,11865.82
22-Aug-2020,11522.8
23-Aug-2020,11683.44
24-Aug-2020,11653.02
25-Aug-2020,11763.93
26-Aug-2020,11337.4
27-Aug-2020,11467.37
28-Aug-2020,11302.01
29-Aug-2020,11534.75
30-Aug-2020,11481.64
31-Aug-2020,11707.78
01-Sep-2020,11659.57
02-Sep-2020,11923.25
03-Sep-2020,11397.44
04-Sep-2020,10187.51
05-Sep-2020,10467.89
06-Sep-2020,10159.62
07-Sep-2020,10254.93
08-Sep-2020,10367.74
09-Sep-2020,10121.52
10-Sep-2020,10227.83
11-Sep-2020,10352.66
12-Sep-2020,10395.44
13-Sep-2020,10446.44
14-Sep-2020,10330.77
15-Sep-2020,10674.64
16-Sep-2020,10785.62
17-Sep-2020,10948.43
18-Sep-2020,10943.89
19-Sep-2020,10931.79
20-Sep-2020,11081.43
21-Sep-2020,10919.65
22-Sep-2020,10430.46
23-Sep-2020,10532.22
24-Sep-2020,10234.48
25-Sep-2020,10732.43
26-Sep-2020,10692.84
27-Sep-2020,10732.4
28-Sep-2020,10774.24
29-Sep-2020,10692.33
30-Sep-2020,10840.8
01-Oct-2020,10777.92
02-Oct-2020,10619.24
03-Oct-2020,10575.06
04-Oct-2020,10551.77
05-Oct-2020,10673.46
06-Oct-2020,10788.56
07-Oct-2020,10603.74
08-Oct-2020,10670.8
09-Oct-2020,10923.3
10-Oct-2020,11063.19
11-Oct-2020,11302.67
12-Oct-2020,11376.61
13-Oct-2020,11540.04
14-Oct-2020,11428.24
15-Oct-2020,11431.32
16-Oct-2020,11503.73
17-Oct-2020,11327.57
18-Oct-2020,11366.51
19-Oct-2020,11508.2
20-Oct-2020,11758.16
21-Oct-2020,11925.46
22-Oct-2020,12831.56
23-Oct-2020,12990.25
24-Oct-2020,12944.52
25-Oct-2020,13128.46
26-Oct-2020,13036.77
27-Oct-2020,13076.37
28-Oct-2020,13651.47
29-Oct-2020,13289
30-Oct-2020,13458.66
31-Oct-2020,13564.72
01-Nov-2020,13810.32
02-Nov-2020,13758.88
03-Nov-2020,13575.17
04-Nov-2020,14023.31
05-Nov-2020,14155.59
06-Nov-2020,15591.39
07-Nov-2020,15595.77
08-Nov-2020,14839.84
09-Nov-2020,15490.6
10-Nov-2020,15328.53
11-Nov-2020,15317.04
12-Nov-2020,15708.65
13-Nov-2020,16295.57
14-Nov-2020,16339.33
15-Nov-2020,16091.07
16-Nov-2020,15968.16
17-Nov-2020,16725.15
18-Nov-2020,17679.72
19-Nov-2020,17798.45
20-Nov-2020,17820.57
21-Nov-2020,18687.45
22-Nov-2020,18699.75
23-Nov-2020,18422.28
24-Nov-2020,18398.91
25-Nov-2020,19172.52
26-Nov-2020,18739.8
27-Nov-2020,17151.44
28-Nov-2020,17138.87
29-Nov-2020,17732.42
30-Nov-2020,18191.6
01-Dec-2020,19709.73
02-Dec-2020,18792.52
03-Dec-2020,19226.97
04-Dec-2020,19454.54
05-Dec-2020,18670.49
06-Dec-2020,19155.06
07-Dec-2020,19377.66
08-Dec-2020,19181.41
09-Dec-2020,18318.87
10-Dec-2020,18554.15
11-Dec-2020,18247.76
12-Dec-2020,18029.36
13-Dec-2020,18803.44
14-Dec-2020,19164.48
15-Dec-2020,19276.59
16-Dec-2020,19439.75
17-Dec-2020,21379.48
18-Dec-2020,22847.46
19-Dec-2020,23150.79
20-Dec-2020,23869.92
21-Dec-2020,23490.58
22-Dec-2020,22745.48
23-Dec-2020,23824.99
24-Dec-2020,23253.37
25-Dec-2020,23715.53
26-Dec-2020,24693.58
27-Dec-2020,26443.21
28-Dec-2020,26246.58
29-Dec-2020,27036.69
30-Dec-2020,27376.37
31-Dec-2020,28856.59
01-Jan-2021,28982.56
02-Jan-2021,29393.75
03-Jan-2021,32195.46
04-Jan-2021,33000.78
05-Jan-2021,32035.03
06-Jan-2021,34046.67
07-Jan-2021,36860.41
08-Jan-2021,39486.04
09-Jan-2021,40670.25
10-Jan-2021,40240.72
11-Jan-2021,38240.09
12-Jan-2021,35544.94
13-Jan-2021,34011.82
14-Jan-2021,37393.13
15-Jan-2021,39158.47
16-Jan-2021,36828.52
17-Jan-2021,36065.2
18-Jan-2021,35793.01
19-Jan-2021,36632.35
20-Jan-2021,36020.13
21-Jan-2021,35538.98
22-Jan-2021,30797.88
23-Jan-2021,33002.38
24-Jan-2021,32099.74
25-Jan-2021,32276.84
26-Jan-2021,32243.26
27-Jan-2021,32541.8
28-Jan-2021,30419.17
29-Jan-2021,33403.17
30-Jan-2021,34314.26
31-Jan-2021,34318.1
01-Feb-2021,33136.46
02-Feb-2021,33522.9
03-Feb-2021,35529.66
04-Feb-2021,37676.25
05-Feb-2021,37002.09
06-Feb-2021,38278.61
07-Feb-2021,39323.26
08-Feb-2021,38928.1
09-Feb-2021,46364.3
10-Feb-2021,46589.58
11-Feb-2021,44878.17
12-Feb-2021,48013.38
13-Feb-2021,47471.4
14-Feb-2021,47185.19
15-Feb-2021,48720.37
16-Feb-2021,47951.85
17-Feb-2021,49160.1
18-Feb-2021,52118.23
19-Feb-2021,51608.15
20-Feb-2021,55916.5
21-Feb-2021,56001.2
22-Feb-2021,57487.86
23-Feb-2021,54123.4
24-Feb-2021,48880.43
25-Feb-2021,50624.84
26-Feb-2021,46800.42
27-Feb-2021,46340.31
28-Feb-2021,46155.87
01-Mar-2021,45113.92
02-Mar-2021,49618.43
03-Mar-2021,48356.04
04-Mar-2021,50477.7
05-Mar-2021,48448.91
06-Mar-2021,48861.38
07-Mar-2021,48881.59
08-Mar-2021,51169.7
09-Mar-2021,52299.33
10-Mar-2021,54881.52
11-Mar-2021,55997.23
12-Mar-2021,57764
13-Mar-2021,57253.28
14-Mar-2021,61258.73
15-Mar-2021,59133.47
16-Mar-2021,55754.72
17-Mar-2021,56872.38
18-Mar-2021,58913
19-Mar-2021,57665.9
20-Mar-2021,58075.1
21-Mar-2021,58085.8
22-Mar-2021,57411.17
23-Mar-2021,54204.96
24-Mar-2021,54477.46
25-Mar-2021,52508.23
26-Mar-2021,51415.92
27-Mar-2021,55074.47
28-Mar-2021,55863.93
29-Mar-2021,55783.71
30-Mar-2021,57627.67
31-Mar-2021,58730.13
01-Apr-2021,58735.25
02-Apr-2021,58736.92
03-Apr-2021,59031.32
04-Apr-2021,57076.49
05-Apr-2021,58206.55
06-Apr-2021,59054.1
07-Apr-2021,58020.46
08-Apr-2021,55947.27
09-Apr-2021,58048.59
10-Apr-2021,58102.58
11-Apr-2021,59774
12-Apr-2021,59964.87
13-Apr-2021,59834.74
14-Apr-2021,63554.44
15-Apr-2021,62969.12
16-Apr-2021,63252.63
17-Apr-2021,61455.98
18-Apr-2021,60087.09
19-Apr-2021,56251.48
20-Apr-2021,55703.14
21-Apr-2021,56507.91
22-Apr-2021,53808.8
23-Apr-2021,51731.71
24-Apr-2021,51153.13
25-Apr-2021,50110.53
26-Apr-2021,49075.58
27-Apr-2021,54056.64
28-Apr-2021,55071.46
29-Apr-2021,54884.1
30-Apr-2021,53584.15
01-May-2021,57796.62
02-May-2021,57857.5
03-May-2021,56610.46
04-May-2021,57213.33
05-May-2021,53241.72
06-May-2021,57473.23
07-May-2021,56428.16
08-May-2021,57380.27
09-May-2021,58928.81
10-May-2021,58280.73
11-May-2021,55883.5
12-May-2021,56750
13-May-2021,49007.09
14-May-2021,49702.27
15-May-2021,49922.52
16-May-2021,46736.58
17-May-2021,46441.64
18-May-2021,43596.24
19-May-2021,42912.19
20-May-2021,36964.27
21-May-2021,40784.32
22-May-2021,37280.35
23-May-2021,37528.3
24-May-2021,34754.54
25-May-2021,38728.59
26-May-2021,38410.5
27-May-2021,39266.04
28-May-2021,38445.29
29-May-2021,35689.62
30-May-2021,34647.67
31-May-2021,35684.59
01-Jun-2021,37310.54
02-Jun-2021,36662.64
03-Jun-2021,37585.24
04-Jun-2021,39188.59
05-Jun-2021,36885.51
06-Jun-2021,35530.38
07-Jun-2021,35816.17
08-Jun-2021,33514.87
09-Jun-2021,33450.19
10-Jun-2021,37338.36
11-Jun-2021,36704.57
12-Jun-2021,37313.18
13-Jun-2021,35494.9
14-Jun-2021,39066.82
15-Jun-2021,40525.8
16-Jun-2021,40188.56
17-Jun-2021,38324.87
18-Jun-2021,38068.04
19-Jun-2021,35729.82
20-Jun-2021,35524.17
21-Jun-2021,35592.35
22-Jun-2021,31686.55
23-Jun-2021,32447.59
24-Jun-2021,33674.66
25-Jun-2021,34639.38
26-Jun-2021,31640.58
27-Jun-2021,32160.91
28-Jun-2021,34644.45
29-Jun-2021,34456.67
30-Jun-2021,35847.7
01-Jul-2021,35047.36
02-Jul-2021,33536.88
03-Jul-2021,33856.86
04-Jul-2021,34688.98
05-Jul-2021,35309.3
06-Jul-2021,33747.97
07-Jul-2021,34211.01
08-Jul-2021,33839.04
09-Jul-2021,32877.41
10-Jul-2021,33818.52
11-Jul-2021,33515.57
12-Jul-2021,34227.64
13-Jul-2021,33158.25
14-Jul-2021,32686.56
15-Jul-2021,32814.61
16-Jul-2021,31738.59
17-Jul-2021,31421.25
18-Jul-2021,31520.66
19-Jul-2021,31783.49
20-Jul-2021,30815.94
21-Jul-2021,29790.24
22-Jul-2021,32118.06
23-Jul-2021,32297.89
24-Jul-2021,33581.63
25-Jul-2021,34279.34
26-Jul-2021,35365.2
27-Jul-2021,37318.14
28-Jul-2021,39405.95
29-Jul-2021,40002.53
30-Jul-2021,40005.93
31-Jul-2021,42214.15
01-Aug-2021,41659.06
02-Aug-2021,40000.46
03-Aug-2021,39193.94
04-Aug-2021,38138
05-Aug-2021,39750.14
06-Aug-2021,40882
07-Aug-2021,42825.95
08-Aug-2021,44634.13
09-Aug-2021,43816.14
10-Aug-2021,46333.46
11-Aug-2021,45608.37
12-Aug-2021,45611.46
13-Aug-2021,44417.78
14-Aug-2021,47833.98
15-Aug-2021,47112.19
16-Aug-2021,47056.41
17-Aug-2021,45982.55
18-Aug-2021,44648.57
19-Aug-2021,44777.86
20-Aug-2021,46734.65
21-Aug-2021,49327.75
22-Aug-2021,48932.02
23-Aug-2021,49335.68
24-Aug-2021,49523.5
25-Aug-2021,47744.58
26-Aug-2021,48972.09
27-Aug-2021,46962.8
28-Aug-2021,49056.86
29-Aug-2021,48897.65
30-Aug-2021,48806.78
31-Aug-2021,47074.77
01-Sep-2021,47155.87
02-Sep-2021,48862.76
03-Sep-2021,49329.01
04-Sep-2021,50035.33
05-Sep-2021,49947.38
06-Sep-2021,51769.06
07-Sep-2021,52677.4
08-Sep-2021,46809.17
09-Sep-2021,46078.38
10-Sep-2021,46368.69
11-Sep-2021,44847.48
12-Sep-2021,45144.79
13-Sep-2021,46059.12
14-Sep-2021,44968.76
15-Sep-2021,47072.12
16-Sep-2021,48167.85
17-Sep-2021,47785.26
18-Sep-2021,47263.6
19-Sep-2021,48259.45
20-Sep-2021,47249.38
21-Sep-2021,42901.56
22-Sep-2021,40619.27
23-Sep-2021,43604.76
24-Sep-2021,44888.96
25-Sep-2021,42815.56
26-Sep-2021,42742.01
27-Sep-2021,43182.63
28-Sep-2021,42238.2
29-Sep-2021,41011.16
30-Sep-2021,41522.38
01-Oct-2021,43757.81
02-Oct-2021,48140.11
03-Oct-2021,47727.1
04-Oct-2021,48205.72
05-Oct-2021,49143.95
06-Oct-2021,51505.83
07-Oct-2021,55343.76
08-Oct-2021,53801.1
09-Oct-2021,53867.3
10-Oct-2021,55122.59
11-Oct-2021,54625.74
12-Oct-2021,57452.01
13-Oct-2021,56242.94
14-Oct-2021,57406.69
15-Oct-2021,57397.74
16-Oct-2021,61641.17
17-Oct-2021,60948.78
18-Oct-2021,61546.21
19-Oct-2021,61971.59
20-Oct-2021,64287.64
21-Oct-2021,66063.56
22-Oct-2021,62354.86
23-Oct-2021,60697.06
24-Oct-2021,61277.28
25-Oct-2021,60884.18
26-Oct-2021,63070.54
27-Oct-2021,60345.17
28-Oct-2021,58538.49
29-Oct-2021,60587.09
30-Oct-2021,62249.18
31-Oct-2021,61731.29
01-Nov-2021,61373.44
02-Nov-2021,61029.5
03-Nov-2021,63241.11
04-Nov-2021,62954.86
05-Nov-2021,61441.83
06-Nov-2021,61072.32
07-Nov-2021,61516.31
08-Nov-2021,63293.22
09-Nov-2021,67562.17
10-Nov-2021,66954.11
11-Nov-2021,64976.73
12-Nov-2021,64838.81
13-Nov-2021,64254.67
14-Nov-2021,64420.94
15-Nov-2021,65468.75
16-Nov-2021,63584.25
17-Nov-2021,60172.26
18-Nov-2021,60381.35
19-Nov-2021,56921.34
20-Nov-2021,58133.02
21-Nov-2021,59777.98
22-Nov-2021,58755.9
23-Nov-2021,56301.52
24-Nov-2021,57578.22
25-Nov-2021,57187.54
26-Nov-2021,58935.45
27-Nov-2021,53588.21
28-Nov-2021,54801.15
29-Nov-2021,57292.28
30-Nov-2021,57828.45
01-Dec-2021,57025.79
02-Dec-2021,57229.76
03-Dec-2021,56508.48
04-Dec-2021,53713.84
05-Dec-2021,49253.86
06-Dec-2021,49380.43
07-Dec-2021,50564.63
08-Dec-2021,50645.41
09-Dec-2021,50511.12
10-Dec-2021,47659.68
11-Dec-2021,47137.46
12-Dec-2021,49379.67
13-Dec-2021,50117.25
14-Dec-2021,46757.09
15-Dec-2021,48392.79
16-Dec-2021,48884.66
17-Dec-2021,47658.38
18-Dec-2021,46173.51
19-Dec-2021,46863.67
20-Dec-2021,46689.28
21-Dec-2021,46910.13
22-Dec-2021,48934.57
23-Dec-2021,48628.35
24-Dec-2021,50785.69
25-Dec-2021,50814.92
26-Dec-2021,50470.89
27-Dec-2021,50801.11
28-Dec-2021,50692.3
29-Dec-2021,47601.26
30-Dec-2021,46408.87
31-Dec-2021,47132.96
01-Jan-2022,46249.56
02-Jan-2022,47763.33
03-Jan-2022,47327.87
04-Jan-2022,46441.99
05-Jan-2022,45862.98
06-Jan-2022,43436.17
07-Jan-2022,43120.63
08-Jan-2022,41528.04
09-Jan-2022,41690.93
10-Jan-2022,41864.44
11-Jan-2022,41849
12-Jan-2022,42723.37
13-Jan-2022,43926
14-Jan-2022,42546.44
15-Jan-2022,43099.37
16-Jan-2022,43146.53
17-Jan-2022,43102.44
18-Jan-2022,42248.35
19-Jan-2022,42381.48
20-Jan-2022,41707.85
21-Jan-2022,40684.42
22-Jan-2022,36480.85
23-Jan-2022,35071.43
24-Jan-2022,36280.82
25-Jan-2022,36678.82
26-Jan-2022,36948.81
27-Jan-2022,36823.5
28-Jan-2022,37146.85
29-Jan-2022,37770.15
30-Jan-2022,38186.49
31-Jan-2022,37918.62
01-Feb-2022,38521.79
02-Feb-2022,38739.74
03-Feb-2022,36912.68
04-Feb-2022,37092.4
05-Feb-2022,41584.19
06-Feb-2022,41435.43
07-Feb-2022,42450.98
08-Feb-2022,43834.02
09-Feb-2022,44133.28
10-Feb-2022,44397.3
11-Feb-2022,43531.11
12-Feb-2022,42401.27
13-Feb-2022,42245.56
14-Feb-2022,42104.89
15-Feb-2022,42580.94
16-Feb-2022,44536.2
17-Feb-2022,43948.81
18-Feb-2022,40565.69
19-Feb-2022,40014.55
20-Feb-2022,40115.05
21-Feb-2022,38382.32
22-Feb-2022,37031.08
23-Feb-2022,38262.17
24-Feb-2022,37291.48
25-Feb-2022,38344.78
26-Feb-2022,39222.6
27-Feb-2022,39103.91
28-Feb-2022,37704.56
01-Mar-2022,43226.36
02-Mar-2022,44418.83
03-Mar-2022,43934.85
04-Mar-2022,42464.4
05-Mar-2022,39141.25
06-Mar-2022,39399.58
07-Mar-2022,38407.69
08-Mar-2022,38032.5
09-Mar-2022,38753.1
10-Mar-2022,41956.53
11-Mar-2022,39437.89
12-Mar-2022,38741.04
13-Mar-2022,38809.18
14-Mar-2022,37820.39
15-Mar-2022,39680.6
16-Mar-2022,39320.82
17-Mar-2022,41133.08
18-Mar-2022,40946.78
19-Mar-2022,41795.77
20-Mar-2022,42222.32
21-Mar-2022,41250.83
22-Mar-2022,41071.41
23-Mar-2022,42372.67
24-Mar-2022,42905.06
25-Mar-2022,44004.47
26-Mar-2022,44334.33
27-Mar-2022,44542.39
28-Mar-2022,46858.53
29-Mar-2022,47115.93
30-Mar-2022,47448.01
31-Mar-2022,47064.16
01-Apr-2022,45539.22
02-Apr-2022,46282.56
03-Apr-2022,45825.36
04-Apr-2022,46425.52
05-Apr-2022,46611.26
06-Apr-2022,45508.16
07-Apr-2022,43190.18
08-Apr-2022,43464.32
09-Apr-2022,42278.94
10-Apr-2022,42787.69
11-Apr-2022,42144.23
12-Apr-2022,39488.62
13-Apr-2022,40102.2
14-Apr-2022,41148.06
15-Apr-2022,39939.9
16-Apr-2022,40566.2
17-Apr-2022,40388.78
18-Apr-2022,39711.45
19-Apr-2022,40805.72
20-Apr-2022,41507.3
21-Apr-2022,41375.79
22-Apr-2022,40514.01
23-Apr-2022,39727.65
24-Apr-2022,39429.01
25-Apr-2022,39465.57
26-Apr-2022,40472.7
27-Apr-2022,38114.94
28-Apr-2022,39249.28
29-Apr-2022,39770.04
30-Apr-2022,38596.28
01-May-2022,37661.19
02-May-2022,38475.48
03-May-2022,38510.65
04-May-2022,37727.19
05-May-2022,39674.89
06-May-2022,36549.9
07-May-2022,36013.03
08-May-2022,35471.42
09-May-2022,34082.21
10-May-2022,30175.71
11-May-2022,31003.93
12-May-2022,28907.15
13-May-2022,28931.14
14-May-2022,29234.06
15-May-2022,30074.61
16-May-2022,31277.43
17-May-2022,29834.09
18-May-2022,30406.69
19-May-2022,28680.97
20-May-2022,30289.87
21-May-2022,29159.5
22-May-2022,29409.92
23-May-2022,30278.94
24-May-2022,29074.33
25-May-2022,29634.57
26-May-2022,29518.59
27-May-2022,29193.92
28-May-2022,28578.89
29-May-2022,29013.69
30-May-2022,29448.74
31-May-2022,31715.58
01-Jun-2022,31776.27
02-Jun-2022,29780.81
03-Jun-2022,30429.88
04-Jun-2022,29681.76
05-Jun-2022,29845.23
06-Jun-2022,29901.35
07-Jun-2022,31349.82
08-Jun-2022,31117.83
09-Jun-2022,30189.25
10-Jun-2022,30083.46
11-Jun-2022,29059.41
12-Jun-2022,28344.5
13-Jun-2022,26593.3
14-Jun-2022,22431.22
15-Jun-2022,22189.29
16-Jun-2022,22550.79
17-Jun-2022,20350.48
18-Jun-2022,20434.75
19-Jun-2022,18977.51
20-Jun-2022,20540.38
21-Jun-2022,20582.29
22-Jun-2022,20703.51
23-Jun-2022,19953.71
24-Jun-2022,21088.3
25-Jun-2022,21194.68
26-Jun-2022,21481.38
27-Jun-2022,21020.04
28-Jun-2022,20702.23
29-Jun-2022,20256.61
30-Jun-2022,20085.93
01-Jul-2022,19865.7
02-Jul-2022,19226.7
03-Jul-2022,19224.75
04-Jul-2022,19288.97
05-Jul-2022,20208.45
06-Jul-2022,20181.91
07-Jul-2022,20545.61
08-Jul-2022,21633.44
09-Jul-2022,21636.45
10-Jul-2022,21582.6
11-Jul-2022,20834.61
12-Jul-2022,19946.31
13-Jul-2022,19292.99
14-Jul-2022,20223.69
15-Jul-2022,20568.9
16-Jul-2022,20835.61
17-Jul-2022,21197.1
18-Jul-2022,20774.23
19-Jul-2022,22538.08
20-Jul-2022,23403.29
21-Jul-2022,23227.22
22-Jul-2022,23154.09
23-Jul-2022,22687.08
24-Jul-2022,22461.7
25-Jul-2022,22582.4
26-Jul-2022,21300.72
27-Jul-2022,21267.33
28-Jul-2022,22950.29
29-Jul-2022,23856.25
30-Jul-2022,23792
31-Jul-2022,23647.99
01-Aug-2022,23326.49
02-Aug-2022,23298.94
03-Aug-2022,22981.77
04-Aug-2022,22831.85
05-Aug-2022,22608.3
06-Aug-2022,23295.14
07-Aug-2022,22947.19
08-Aug-2022,23174.25
09-Aug-2022,23816.32
10-Aug-2022,23156.31
11-Aug-2022,23959.92
12-Aug-2022,23953.77
13-Aug-2022,24418.38
14-Aug-2022,24447.13
15-Aug-2022,24314.89
16-Aug-2022,24096.19
17-Aug-2022,23876.29
18-Aug-2022,23332.09
19-Aug-2022,23193.99
20-Aug-2022,20843.22
21-Aug-2022,21150.33
22-Aug-2022,21520.51
23-Aug-2022,21402.93
24-Aug-2022,21516.02
25-Aug-2022,21377.51
26-Aug-2022,21597.93
27-Aug-2022,20233.32
28-Aug-2022,20035.59
29-Aug-2022,19550.07
30-Aug-2022,20290.41
31-Aug-2022,19793.02
01-Sep-2022,20047.68
02-Sep-2022,20130.52
03-Sep-2022,19952.91
04-Sep-2022,19834.94
05-Sep-2022,19994.65
06-Sep-2022,19789.87
07-Sep-2022,18806.7
08-Sep-2022,19280.08
09-Sep-2022,19327.53
10-Sep-2022,21387.58
11-Sep-2022,21673.03
12-Sep-2022,21794.52
13-Sep-2022,22392.71
14-Sep-2022,20172.56
15-Sep-2022,20219.55
16-Sep-2022,19694.69
17-Sep-2022,19787.61
18-Sep-2022,20122.71
19-Sep-2022,19415.86
20-Sep-2022,19542.2
21-Sep-2022,18879.96
22-Sep-2022,18507.36
23-Sep-2022,19408.63
24-Sep-2022,19280.58
25-Sep-2022,18931.79
26-Sep-2022,18807.71
27-Sep-2022,19227.26
28-Sep-2022,19104.89
29-Sep-2022,19530.71
30-Sep-2022,19598.86
01-Oct-2022,19427.2
02-Oct-2022,19314.69
03-Oct-2022,19049.72
04-Oct-2022,19632.61
05-Oct-2022,20342.25
06-Oct-2022,20167.79
07-Oct-2022,19956.49
08-Oct-2022,19544.82
09-Oct-2022,19417.73
10-Oct-2022,19441.88
11-Oct-2022,19132.52
12-Oct-2022,19049.64
13-Oct-2022,19156.21
14-Oct-2022,19383.33
15-Oct-2022,19184.71
16-Oct-2022,19063.1
17-Oct-2022,19265.53
18-Oct-2022,19548.97
19-Oct-2022,19330.74
20-Oct-2022,19125.65
21-Oct-2022,19046.83
22-Oct-2022,19171.34
23-Oct-2022,19205.45
24-Oct-2022,19565.91
25-Oct-2022,19338.9
26-Oct-2022,20101.27
27-Oct-2022,20772.36
28-Oct-2022,20288.52
29-Oct-2022,20601.63
30-Oct-2022,20816.16
31-Oct-2022,20628.5
01-Nov-2022,20499.29
02-Nov-2022,20486.26
03-Nov-2022,20153.99
04-Nov-2022,20208.16
05-Nov-2022,21152.93
06-Nov-2022,21292.67
07-Nov-2022,20920.33
08-Nov-2022,20598.44
09-Nov-2022,18540.11
10-Nov-2022,15856.95
11-Nov-2022,17550.23
12-Nov-2022,16990.26
13-Nov-2022,16776.4
14-Nov-2022,16310.3
15-Nov-2022,16587.96
16-Nov-2022,16873.56
17-Nov-2022,16662.24
18-Nov-2022,16682.44
19-Nov-2022,16683.22
20-Nov-2022,16687.8
21-Nov-2022,16260.41
22-Nov-2022,15759.61
23-Nov-2022,16194.75
24-Nov-2022,16606.77
25-Nov-2022,16592.67
26-Nov-2022,16507.44
27-Nov-2022,16453.47
28-Nov-2022,16420.2
29-Nov-2022,16208.96
30-Nov-2022,16432.73
01-Dec-2022,17170.62
02-Dec-2022,16971.57
03-Dec-2022,17091.23
04-Dec-2022,16894.23
05-Dec-2022,17117.57
06-Dec-2022,16967.02
07-Dec-2022,17085.45
08-Dec-2022,16836.05
09-Dec-2022,17234.58
10-Dec-2022,17128.55
11-Dec-2022,17124.99
12-Dec-2022,17098.61
13-Dec-2022,17206.87
14-Dec-2022,17771.03
15-Dec-2022,17802.44
16-Dec-2022,17357.47
17-Dec-2022,16637.6
18-Dec-2022,16783.6
19-Dec-2022,16745.99
20-Dec-2022,16439.89
21-Dec-2022,16904.64
22-Dec-2022,16813.62
23-Dec-2022,16818.68
24-Dec-2022,16779.71
25-Dec-2022,16838.1
26-Dec-2022,16826.86
27-Dec-2022,16915.7
28-Dec-2022,16699
29-Dec-2022,16539.28
30-Dec-2022,16630.49
31-Dec-2022,16599.69
01-Jan-2023,16526.78
02-Jan-2023,16613.71
03-Jan-2023,16671.54
04-Jan-2023,16669.6
05-Jan-2023,16850.63
06-Jan-2023,16826.41
07-Jan-2023,16951.97
08-Jan-2023,16945.2
09-Jan-2023,17108.41
10-Jan-2023,17192.07
11-Jan-2023,17443.68
12-Jan-2023,17934.6
13-Jan-2023,18859.32
14-Jan-2023,19933.36
15-Jan-2023,20955.15
16-Jan-2023,20880.99
17-Jan-2023,21190.49
18-Jan-2023,21145.18
19-Jan-2023,20672.78
20-Jan-2023,21087.76
21-Jan-2023,22693.45
22-Jan-2023,22772.5
23-Jan-2023,22724.23
24-Jan-2023,22924.37
25-Jan-2023,22634.47
26-Jan-2023,23089.74
27-Jan-2023,23008.29
28-Jan-2023,23075.81
29-Jan-2023,23032.23
30-Jan-2023,23755.85
31-Jan-2023,22836.09
01-Feb-2023,23133.91
02-Feb-2023,23722.02
03-Feb-2023,23454.41
04-Feb-2023,23440.09
05-Feb-2023,23328.24
06-Feb-2023,22936.95
07-Feb-2023,22763.74
08-Feb-2023,23254.79
09-Feb-2023,22964.87
10-Feb-2023,21794.05
11-Feb-2023,21638.55
12-Feb-2023,21861.84
13-Feb-2023,21787.25
14-Feb-2023,21787.99
15-Feb-2023,22211.8
16-Feb-2023,24340.73
17-Feb-2023,23544.67
18-Feb-2023,24572.97
19-Feb-2023,24641.94
20-Feb-2023,24290.18
21-Feb-2023,24834.81
22-Feb-2023,24438.1
23-Feb-2023,24185.67
24-Feb-2023,23946.39
25-Feb-2023,23192.02
26-Feb-2023,23176.76
27-Feb-2023,23563.11
28-Feb-2023,23497.62
01-Mar-2023,23128.3
02-Mar-2023,23641.68
03-Mar-2023,23467.36
04-Mar-2023,22351.72
05-Mar-2023,22348.51
06-Mar-2023,22427.56
07-Mar-2023,22410.62
08-Mar-2023,22197.49
09-Mar-2023,21698.33
10-Mar-2023,20363.36
11-Mar-2023,20224.85
12-Mar-2023,20656.78
13-Mar-2023,22205.32
14-Mar-2023,24213.74
15-Mar-2023,24767.46
16-Mar-2023,24376.39
17-Mar-2023,25053.64
18-Mar-2023,27462.77
19-Mar-2023,26975.39
20-Mar-2023,28045.84
21-Mar-2023,27790.89
22-Mar-2023,28191.53
23-Mar-2023,27306.32
24-Mar-2023,28332.42
25-Mar-2023,27496.2
26-Mar-2023,27496.06
27-Mar-2023,27999.84
28-Mar-2023,27141.23
29-Mar-2023,27274.72
30-Mar-2023,28355.92
31-Mar-2023,28033.06
01-Apr-2023,28479.75
02-Apr-2023,28465.04
03-Apr-2023,28185.2
04-Apr-2023,27802.23
05-Apr-2023,28169.5
06-Apr-2023,28180.4
07-Apr-2023,28039.94
08-Apr-2023,27925.55
09-Apr-2023,27956.01
10-Apr-2023,28336.18
11-Apr-2023,29656.24
12-Apr-2023,30234.98
13-Apr-2023,29899.24
14-Apr-2023,30407.6
15-Apr-2023,30486.05
16-Apr-2023,30319.32
17-Apr-2023,30315.39
18-Apr-2023,29447.1
19-Apr-2023,30393.64
20-Apr-2023,28829.57
21-Apr-2023,28243.02
22-Apr-2023,27267.99
23-Apr-2023,27816.18
24-Apr-2023,27590.55
25-Apr-2023,27516.48
26-Apr-2023,28301.71
27-Apr-2023,28429.72
28-Apr-2023,29480.35
29-Apr-2023,29329.63
30-Apr-2023,29244.68
01-May-2023,29264.14
02-May-2023,28086.65
03-May-2023,28678.29
04-May-2023,29007.66
05-May-2023,28851.84
06-May-2023,29535.38
07-May-2023,28903.41
08-May-2023,28456.84
09-May-2023,27691.41
10-May-2023,27640.09
11-May-2023,27617.14
12-May-2023,26993.2
13-May-2023,26803.05
14-May-2023,26785.94
15-May-2023,26926.17
16-May-2023,27191.97
17-May-2023,27036.39
18-May-2023,27398.27
19-May-2023,26833.27
20-May-2023,26889.6
21-May-2023,27124.48
22-May-2023,26756.57
23-May-2023,26849.97
24-May-2023,27223.19
25-May-2023,26327.38
26-May-2023,26477.29
27-May-2023,26719.74
28-May-2023,26873.18
29-May-2023,28082.7
30-May-2023,27744.66
31-May-2023,27704
01-Jun-2023,27213.71
02-Jun-2023,26814.77
03-Jun-2023,27251.93
04-Jun-2023,27073.27
05-Jun-2023,27125.02
06-Jun-2023,25747.2
07-Jun-2023,27243.64
08-Jun-2023,26352.2
09-Jun-2023,26507.33
10-Jun-2023,26483.52
11-Jun-2023,25852.82
12-Jun-2023,25933.06
13-Jun-2023,25904.32
14-Jun-2023,25921.42
15-Jun-2023,25127.04
16-Jun-2023,25575.69
17-Jun-2023,26326.23
18-Jun-2023,26509.82
19-Jun-2023,26337.08
20-Jun-2023,26848.8
21-Jun-2023,28326.8
22-Jun-2023,29992.98
23-Jun-2023,29903.73
24-Jun-2023,30692.8
25-Jun-2023,30548.59
26-Jun-2023,30458.97
27-Jun-2023,30266.7
28-Jun-2023,30699.11
29-Jun-2023,30083.59
30-Jun-2023,30449.16
01-Jul-2023,30471.5
02-Jul-2023,30591.53
03-Jul-2023,30618.25
04-Jul-2023,31150.92
05-Jul-2023,30774.87
06-Jul-2023,30502.55
07-Jul-2023,29918.04
08-Jul-2023,30344.53
09-Jul-2023,30214.55
10-Jul-2023,30214.55
11-Jul-2023,30411.71
12-Jul-2023,30622.7
13-Jul-2023,30391.64
14-Jul-2023,31485.37
15-Jul-2023,30330.22
16-Jul-2023,30291.67
17-Jul-2023,30240.28
18-Jul-2023,30144.2
19-Jul-2023,29859.24
20-Jul-2023,29912.48
21-Jul-2023,29802.29
22-Jul-2023,29907.88
23-Jul-2023,29774.36
24-Jul-2023,30081.88
25-Jul-2023,29178.42
26-Jul-2023,29226.18
27-Jul-2023,29344.56
28-Jul-2023,29213.94
29-Jul-2023,29316.12
30-Jul-2023,29359.89
31-Jul-2023,29274.94
01-Aug-2023,29228.49
02-Aug-2023,29683.61
03-Aug-2023,29152.45
04-Aug-2023,29183.41
05-Aug-2023,29075
06-Aug-2023,29048.01
07-Aug-2023,29041.01
08-Aug-2023,29181.71
09-Aug-2023,29768.29
10-Aug-2023,29565.82
11-Aug-2023,29433.98
12-Aug-2023,29399.18
13-Aug-2023,29412.84
14-Aug-2023,29283.84
15-Aug-2023,29413.8
16-Aug-2023,29169.09
17-Aug-2023,28701.48
18-Aug-2023,26662.05
19-Aug-2023,26047.05
20-Aug-2023,26090.7
21-Aug-2023,26189.99
22-Aug-2023,26123.41
23-Aug-2023,26036.91
24-Aug-2023,26426.74
25-Aug-2023,26165.4
26-Aug-2023,26049.42
27-Aug-2023,26006.44
28-Aug-2023,26088.78
29-Aug-2023,26108.31
30-Aug-2023,27731.23
31-Aug-2023,27301.12
01-Sep-2023,25932.99
02-Sep-2023,25802.1
03-Sep-2023,25869.09
04-Sep-2023,25969.05
05-Sep-2023,25810.86
06-Sep-2023,25785.3
07-Sep-2023,25753.31
08-Sep-2023,26243.47
09-Sep-2023,25906.03
10-Sep-2023,25894.31
11-Sep-2023,25832.82
12-Sep-2023,25162.7
13-Sep-2023,25835.7
14-Sep-2023,26227.98
15-Sep-2023,26536.02
16-Sep-2023,26605.75
17-Sep-2023,26568.65
18-Sep-2023,26536.54
19-Sep-2023,26763.76
20-Sep-2023,27222.12
21-Sep-2023,27133.55
22-Sep-2023,26569.6
23-Sep-2023,26581.86
24-Sep-2023,26580.72
25-Sep-2023,26252.75
26-Sep-2023,26293.29
27-Sep-2023,26212.82
28-Sep-2023,26357.65
29-Sep-2023,27021.15
30-Sep-2023,26916.91
01-Oct-2023,26970.43
02-Oct-2023,27983.92
03-Oct-2023,27532.51
04-Oct-2023,27430.23
05-Oct-2023,27797.56
06-Oct-2023,27416.69
07-Oct-2023,27946.61
08-Oct-2023,27973.26
09-Oct-2023,27937.18
10-Oct-2023,27581.42
11-Oct-2023,27395.65
12-Oct-2023,26867.79
13-Oct-2023,26758.66
14-Oct-2023,26866.51
15-Oct-2023,26855.89
16-Oct-2023,27167.87
17-Oct-2023,28517.32
18-Oct-2023,28413.17
19-Oct-2023,28331.5
20-Oct-2023,28723.49
21-Oct-2023,29682.6
22-Oct-2023,29921.68
23-Oct-2023,29990.73
24-Oct-2023,33059.98
25-Oct-2023,33902.65
26-Oct-2023,34493.19
27-Oct-2023,34157.79
28-Oct-2023,33911.08
29-Oct-2023,34090.68
30-Oct-2023,34532.39
31-Oct-2023,34501
01-Nov-2023,34662.16
02-Nov-2023,35440.51
03-Nov-2023,34934.65
04-Nov-2023,34736.55
05-Nov-2023,35088.05
06-Nov-2023,35048.35
07-Nov-2023,35035.12
08-Nov-2023,35436.28
09-Nov-2023,35629.52
10-Nov-2023,36696.25
11-Nov-2023,37321.65
12-Nov-2023,37140.27
13-Nov-2023,37058.98
14-Nov-2023,36497.35
15-Nov-2023,35545.97
16-Nov-2023,37891.48
17-Nov-2023,36155.5
18-Nov-2023,36624.3
19-Nov-2023,36588.13
20-Nov-2023,37396.17
21-Nov-2023,37479.96
22-Nov-2023,35808.95
23-Nov-2023,37427.42
24-Nov-2023,37297.56
25-Nov-2023,37720.5
26-Nov-2023,37800.94
27-Nov-2023,37468.89
28-Nov-2023,37248.86
29-Nov-2023,37832.75
30-Nov-2023,37867.37
01-Dec-2023,37711.79
02-Dec-2023,38697.81
03-Dec-2023,39476.4
04-Dec-2023,39976.04
05-Dec-2023,41985.55
06-Dec-2023,44076.76
07-Dec-2023,43745.3
08-Dec-2023,43298.7
09-Dec-2023,44184.18
10-Dec-2023,43709.41
11-Dec-2023,43787.81
12-Dec-2023,41238.31
13-Dec-2023,41458.49
14-Dec-2023,42887.09
15-Dec-2023,43023.24
16-Dec-2023,41934.71
17-Dec-2023,42236.81
18-Dec-2023,41341.9
19-Dec-2023,41264.8
20-Dec-2023,42262.62
21-Dec-2023,43639.9
22-Dec-2023,43870.89
23-Dec-2023,43996.78
24-Dec-2023,43742.33
25-Dec-2023,43013.46
26-Dec-2023,43599.61
27-Dec-2023,42514.79
28-Dec-2023,43470.76
29-Dec-2023,42609.23
30-Dec-2023,42086.22
31-Dec-2023,42148.38
01-Jan-2024,42249.69
02-Jan-2024,44176.26
03-Jan-2024,44958.98
04-Jan-2024,42854.95
05-Jan-2024,44190.1
06-Jan-2024,44181.1
07-Jan-2024,43975.63
08-Jan-2024,43928.07
09-Jan-2024,46972.42
10-Jan-2024,46143.31
11-Jan-2024,46649.42
12-Jan-2024,46355.63
13-Jan-2024,42843.98
14-Jan-2024,42837.18
15-Jan-2024,41716.15
16-Jan-2024,42497.78
17-Jan-2024,43132.4
18-Jan-2024,42742.78
19-Jan-2024,41262.64
20-Jan-2024,41620.04
21-Jan-2024,41659.4
22-Jan-2024,41557.6
23-Jan-2024,39505.09
24-Jan-2024,39856.34
25-Jan-2024,40068.49
26-Jan-2024,39925.5
27-Jan-2024,41813.44
28-Jan-2024,42124.31
29-Jan-2024,42030.81
30-Jan-2024,43274.65
31-Jan-2024,42950.77
01-Feb-2024,42557.22
02-Feb-2024,43061.16
03-Feb-2024,43183.04
04-Feb-2024,42991.51
05-Feb-2024,42576.16
06-Feb-2024,42653.29
07-Feb-2024,43080.9
08-Feb-2024,44318.84
09-Feb-2024,45312.45
10-Feb-2024,47134.54
11-Feb-2024,47771.36
12-Feb-2024,48301.95
13-Feb-2024,49958.35
14-Feb-2024,49739.24
15-Feb-2024,51821.86
16-Feb-2024,51946.01
18-Feb-2024,51685.35
19-Feb-2024,52128.57
20-Feb-2024,51782.08
21-Feb-2024,52269.58
22-Feb-2024,51862.86
23-Feb-2024,51303.43
24-Feb-2024,50727.66
25-Feb-2024,51559.99
26-Feb-2024,51727.76
27-Feb-2024,54529.54
28-Feb-2024,57075.01
29-Feb-2024,62498.79
01-Mar-2024,61172.49
02-Mar-2024,62437
03-Mar-2024,62033.66
04-Mar-2024,63168.4
05-Mar-2024,68377.67
06-Mar-2024,63797.73
07-Mar-2024,66102.23
08-Mar-2024,66937
09-Mar-2024,68306.9
10-Mar-2024,68499.42
11-Mar-2024,69026.97
12-Mar-2024,72121.18
13-Mar-2024,71489.22
14-Mar-2024,73094.37
15-Mar-2024,71394.36
16-Mar-2024,69495.88
17-Mar-2024,65303.67
18-Mar-2024,68358.87
19-Mar-2024,67601.19
20-Mar-2024,61919.44
21-Mar-2024,67857.18
22-Mar-2024,65493.16
23-Mar-2024,63795.46
24-Mar-2024,64083.37
25-Mar-2024,67226.33
26-Mar-2024,69962.76
27-Mar-2024,69991.48
28-Mar-2024,69446.79
29-Mar-2024,70754.69
30-Mar-2024,69909.85
31-Mar-2024,69650.74
01-Apr-2024,71331.84
02-Apr-2024,69701.3
03-Apr-2024,65446.52
04-Apr-2024,65983.59
05-Apr-2024,68526.59
06-Apr-2024,67857.42
07-Apr-2024,68909.59
08-Apr-2024,69373.69
09-Apr-2024,71645.91
10-Apr-2024,69141.75
11-Apr-2024,70561.73
12-Apr-2024,70035.8
13-Apr-2024,67198.84
14-Apr-2024,64019.74
15-Apr-2024,65734.62
16-Apr-2024,63435.81
17-Apr-2024,63820.92
18-Apr-2024,61280.51
19-Apr-2024,63507.69
20-Apr-2024,63823.55
21-Apr-2024,64991.71
22-Apr-2024,64949.79
23-Apr-2024,66844.74
24-Apr-2024,66416.37
25-Apr-2024,64271.73
26-Apr-2024,64486.29
27-Apr-2024,63749.7
28-Apr-2024,63420.25
29-Apr-2024,63112.69
30-Apr-2024,63832.72
01-May-2024,60603.04
02-May-2024,58268.36
03-May-2024,59120.4
04-May-2024,62885.27
05-May-2024,63901.84
06-May-2024,64045.15
07-May-2024,63157.69
08-May-2024,62323.38
09-May-2024,61182.24
10-May-2024,63066.69
11-May-2024,60794.09
12-May-2024,60805.78
13-May-2024,61448.99
14-May-2024,62913.71
15-May-2024,61557.4
16-May-2024,66239.13
17-May-2024,65231.59
18-May-2024,67060.24
19-May-2024,66926.54
20-May-2024,66266.07
21-May-2024,71442.94
22-May-2024,70139.6
23-May-2024,69133.73
24-May-2024,67942.23
25-May-2024,68531.76
26-May-2024,69272.7
27-May-2024,68486.54
28-May-2024,69374.17
29-May-2024,68289.6
30-May-2024,67573.91
31-May-2024,68352.44
01-Jun-2024,67484.93
02-Jun-2024,67719.29
03-Jun-2024,67752.27
04-Jun-2024,68803.11
05-Jun-2024,70553.24
06-Jun-2024,71083.68
07-Jun-2024,70764.24
08-Jun-2024,69331.66
09-Jun-2024,69297.93
10-Jun-2024,69645.28
11-Jun-2024,69513.23
12-Jun-2024,67332
13-Jun-2024,68239.79
18-Jun-2024,66480.82
19-Jun-2024,65148.41
20-Jun-2024,64960.21
21-Jun-2024,64830.29
22-Jun-2024,64095.5
23-Jun-2024,64251.26
24-Jun-2024,63167.3
25-Jun-2024,60279.54
26-Jun-2024,61795.24
27-Jun-2024,60808.17
28-Jun-2024,61616.04
29-Jun-2024,60315.67
30-Jun-2024,60871.03
01-Jul-2024,62676.36
02-Jul-2024,62845.12
03-Jul-2024,62028.38
04-Jul-2024,60145.84
05-Jul-2024,57034.05
06-Jul-2024,56648.56
07-Jul-2024,58265.25
08-Jul-2024,55848.73
09-Jul-2024,56706.26
10-Jul-2024,58011.47
11-Jul-2024,57743.11
12-Jul-2024,57351.64
13-Jul-2024,57907.93
14-Jul-2024,59231.12
15-Jul-2024,60798.16
16-Jul-2024,64859.79
17-Jul-2024,65077.23
18-Jul-2024,64104.91
19-Jul-2024,63968.61
20-Jul-2024,66712.66
21-Jul-2024,67164.74
22-Jul-2024,68155.67
23-Jul-2024,67597.26
24-Jul-2024,65920.76
25-Jul-2024,65357.71
26-Jul-2024,65790.91
27-Jul-2024,67914.86
28-Jul-2024,67826.14
29-Jul-2024,68257.42
30-Jul-2024,66777.36
31-Jul-2024,66180
01-Aug-2024,64621.73
02-Aug-2024,65297.77
03-Aug-2024,61410.11
04-Aug-2024,60676.68
05-Aug-2024,58116.46
06-Aug-2024,53978.78
07-Aug-2024,56082.71
08-Aug-2024,55033.47
09-Aug-2024,61698.9
10-Aug-2024,60879.41
11-Aug-2024,60943.19
12-Aug-2024,58717
13-Aug-2024,59350.07
14-Aug-2024,60600.35
15-Aug-2024,58727.43
16-Aug-2024,57523.47
17-Aug-2024,58886.74
18-Aug-2024,59483.03
19-Aug-2024,58445.98
20-Aug-2024,59475.91
21-Aug-2024,59024.54
22-Aug-2024,61170.43
23-Aug-2024,60382.01
24-Aug-2024,64082.05
25-Aug-2024,64174.59
26-Aug-2024,64327.86
27-Aug-2024,62857.78
28-Aug-2024,59466.82
29-Aug-2024,59024.11
30-Aug-2024,59389.34
31-Aug-2024,59108.23
01-Sep-2024,58968.91
02-Sep-2024,57322.52
03-Sep-2024,59113.65
04-Sep-2024,57430.23
05-Sep-2024,57966.79
06-Sep-2024,56165.32
07-Sep-2024,53951.72
08-Sep-2024,54158.39
09-Sep-2024,54857.17
10-Sep-2024,57055.68
11-Sep-2024,57636.19
12-Sep-2024,57345.38
13-Sep-2024,58136.5
14-Sep-2024,60565.91
15-Sep-2024,60004.02
16-Sep-2024,59136.83
17-Sep-2024,58194.98
18-Sep-2024,60304.22
19-Sep-2024,61683.91
20-Sep-2024,62938.2
21-Sep-2024,63213.19
22-Sep-2024,63377.01
23-Sep-2024,63626.42
24-Sep-2024,63330.79
25-Sep-2024,64279.04
26-Sep-2024,63138.8
27-Sep-2024,65179.96
28-Sep-2024,65781.65
29-Sep-2024,65888.5
30-Sep-2024,65620.59
01-Oct-2024,63323.53
02-Oct-2024,60838.74
03-Oct-2024,60639.47
04-Oct-2024,60754.15
05-Oct-2024,62079.73
06-Oct-2024,62065.06
07-Oct-2024,62814.93
08-Oct-2024,62238.11
09-Oct-2024,62124.37
10-Oct-2024,60574.02
11-Oct-2024,60269.24
12-Oct-2024,62457.07
13-Oct-2024,63189.26
14-Oct-2024,62842.66
15-Oct-2024,66048.56
16-Oct-2024,67049.57
17-Oct-2024,67599.32
18-Oct-2024,67401.64
19-Oct-2024,68426.2
20-Oct-2024,68365.74
21-Oct-2024,69012.04
22-Oct-2024,67363.26
23-Oct-2024,67368.2
24-Oct-2024,66655.68
25-Oct-2024,68162.43
26-Oct-2024,66639.48
27-Oct-2024,67018.78
28-Oct-2024,67938.81
29-Oct-2024,69913.46
30-Oct-2024,72706.28
31-Oct-2024,72329.87
01-Nov-2024,70219.02
02-Nov-2024,69490.73
03-Nov-2024,69301.81
04-Nov-2024,68744.21
05-Nov-2024,67809.49
06-Nov-2024,69382.83
07-Nov-2024,75642.59
08-Nov-2024,75926.31
09-Nov-2024,76559.38
10-Nov-2024,76728.8
11-Nov-2024,80477.81
12-Nov-2024,88719.74
13-Nov-2024,87972.98
14-Nov-2024,90537.78
15-Nov-2024,87292.03
16-Nov-2024,91063.24
17-Nov-2024,90562.03
18-Nov-2024,89829.32
19-Nov-2024,90540.98
20-Nov-2024,92369.46
21-Nov-2024,94354.43
22-Nov-2024,98501.47
23-Nov-2024,99011.58
24-Nov-2024,97776.94
25-Nov-2024,98042.92
26-Nov-2024,93003.21
27-Nov-2024,91968.35
28-Nov-2024,95956.99
29-Nov-2024,95651.51
30-Nov-2024,97503.54
01-Dec-2024,96450.08
02-Dec-2024,97273.62
03-Dec-2024,95857.16
09-Dec-2024,101179.58
10-Dec-2024,97465.55
11-Dec-2024,96653.46
12-Dec-2024,101191.95
13-Dec-2024,100040.86
14-Dec-2024,101467.53
15-Dec-2024,101404.33
16-Dec-2024,104342.21
17-Dec-2024,106059.49
18-Dec-2024,106156.01
19-Dec-2024,100157.34
20-Dec-2024,97470.38
21-Dec-2024,97768.78
22-Dec-2024,97226.54
23-Dec-2024,95094.78
24-Dec-2024,94715.72
25-Dec-2024,98613.53
26-Dec-2024,99300.12
27-Dec-2024,95685.77
28-Dec-2024,94152.68
29-Dec-2024,95144.81
30-Dec-2024,93536.42
31-Dec-2024,92652.68
01-Jan-2025,93406.74
02-Jan-2025,94409.13
03-Jan-2025,96853.63
04-Jan-2025,98122.01
05-Jan-2025,98242.07
06-Jan-2025,98319.2
07-Jan-2025,102253.31
08-Jan-2025,96916.58
09-Jan-2025,95049.45
10-Jan-2025,92493.26
11-Jan-2025,94702.66
12-Jan-2025,94569.61
13-Jan-2025,94478.37
14-Jan-2025,94497.68
15-Jan-2025,96527.14
16-Jan-2025,100511.85
17-Jan-2025,99976.92
18-Jan-2025,104103.44
19-Jan-2025,104408.89
20-Jan-2025,101217.01
21-Jan-2025,102042.06
22-Jan-2025,106158.27
23-Jan-2025,103637.06
24-Jan-2025,103950.37
25-Jan-2025,104855
26-Jan-2025,104722.36
27-Jan-2025,102592.63
28-Jan-2025,102102.01
29-Jan-2025,101322.82
30-Jan-2025,103704.56
31-Jan-2025,104743.97
01-Feb-2025,102406.47
02-Feb-2025,100627.27
03-Feb-2025,97675.85
04-Feb-2025,101414.76
05-Feb-2025,97877.42
06-Feb-2025,96607.66
07-Feb-2025,96564.45
08-Feb-2025,96540.7
09-Feb-2025,96486.54
10-Feb-2025,96487.05
11-Feb-2025,97461.49
12-Feb-2025,95752
13-Feb-2025,97877.16
14-Feb-2025,96628.78
15-Feb-2025,97494.79
16-Feb-2025,97593.62
17-Feb-2025,96176.21
18-Feb-2025,95771.14
19-Feb-2025,95544
20-Feb-2025,96642.79
21-Feb-2025,98331
22-Feb-2025,96111.11
23-Feb-2025,96580.65
24-Feb-2025,96274.79
25-Feb-2025,91538.39
26-Feb-2025,88664.31
27-Feb-2025,84115.7
28-Feb-2025,84645.86
01-Mar-2025,84379.79
02-Mar-2025,86025.07
03-Mar-2025,94255.51
04-Mar-2025,86081.79
05-Mar-2025,87226.39
06-Mar-2025,90608.57
07-Mar-2025,89920.13
08-Mar-2025,86745.52
09-Mar-2025,86163.24
10-Mar-2025,80669.31
11-Mar-2025,78557.72
12-Mar-2025,82859.32
13-Mar-2025,83703.69
14-Mar-2025,81075.63
15-Mar-2025,83982.58
16-Mar-2025,84339.61
17-Mar-2025,82581.85
18-Mar-2025,84040.57
19-Mar-2025,82718.44
20-Mar-2025,86867.58
21-Mar-2025,84174.28
22-Mar-2025,84042.1
23-Mar-2025,83813.07
24-Mar-2025,86057.08
25-Mar-2025,87509.31
26-Mar-2025,87475.15
27-Mar-2025,86907.02
28-Mar-2025,87187.77
29-Mar-2025,84362.88
30-Mar-2025,82612.14
31-Mar-2025,82338.19
01-Apr-2025,82531.15
02-Apr-2025,85185.53
03-Apr-2025,82487.27
04-Apr-2025,83102.81
05-Apr-2025,83842.01
06-Apr-2025,83500.22
07-Apr-2025,78372.2
08-Apr-2025,79188.56
09-Apr-2025,76266.57
10-Apr-2025,82575.64
11-Apr-2025,79587.79
12-Apr-2025,83423.93
13-Apr-2025,85283.27
14-Apr-2025,83709.73
15-Apr-2025,84553.18
16-Apr-2025,83631.52
17-Apr-2025,84033.59
18-Apr-2025,84915.2
19-Apr-2025,84466.72
20-Apr-2025,85090.63
21-Apr-2025,85172.64
22-Apr-2025,87522.75
23-Apr-2025,93472.65
24-Apr-2025,93708.71
25-Apr-2025,93970.77
26-Apr-2025,94724.46
27-Apr-2025,94660.46
28-Apr-2025,93782.18
29-Apr-2025,94998.2
30-Apr-2025,94274.98
01-May-2025,94206.41
02-May-2025,96507.26
03-May-2025,96927.01
04-May-2025,95895.74
05-May-2025,94312.45
06-May-2025,94727.8
07-May-2025,96818.39
08-May-2025,97042.54
09-May-2025,103223.26
10-May-2025,102982.07
11-May-2025,104766.27
12-May-2025,104130.99
13-May-2025,102827.18
14-May-2025,104154.71
15-May-2025,103552.22
18-May-2025,103158.51
19-May-2025,106424.76
20-May-2025,105622.1
21-May-2025,106805.83
22-May-2025,109668.26
23-May-2025,111722.19
24-May-2025,107303.71
25-May-2025,107809.79
26-May-2025,109029.24
27-May-2025,109481.32
28-May-2025,108987.67
29-May-2025,107808.38
30-May-2025,105588.16
31-May-2025,104027.67
01-Jun-2025,104655.37
02-Jun-2025,105701.48
03-Jun-2025,105906.96
04-Jun-2025,105434.47
05-Jun-2025,104743.97
06-Jun-2025,101565.91
07-Jun-2025,104381.86
08-Jun-2025,105633.02
09-Jun-2025,105770.98
10-Jun-2025,110300.41
11-Jun-2025,110279.28
12-Jun-2025,108688.52
17-Jun-2025,106798.31
18-Jun-2025,104606.29
19-Jun-2025,104910.93
20-Jun-2025,104680.34
21-Jun-2025,103302.68
22-Jun-2025,102141.77
23-Jun-2025,100997.71
24-Jun-2025,105380.3
25-Jun-2025,106118.74
26-Jun-2025,107386.04
27-Jun-2025,106978.63
28-Jun-2025,107110.33
29-Jun-2025,107334.13
30-Jun-2025,108385.58
01-Jul-2025,107130.31
02-Jul-2025,105705.84
03-Jul-2025,108846.62
04-Jul-2025,109636.88
05-Jul-2025,108026.4
06-Jul-2025,108243.13
07-Jul-2025,109223.78
08-Jul-2025,108300.56
09-Jul-2025,108936.26
10-Jul-2025,111305.27
11-Jul-2025,115993.81
12-Jul-2025,117562.14
13-Jul-2025,117446.02
14-Jul-2025,119095.39
15-Jul-2025,119870.73
16-Jul-2025,117762.36
17-Jul-2025,118748.5
18-Jul-2025,119276.85
19-Jul-2025,118019.66
20-Jul-2025,117923.05
21-Jul-2025,117316.3
22-Jul-2025,117446.79
23-Jul-2025,120001.46
24-Jul-2025,118780.28
25-Jul-2025,118353.17
26-Jul-2025,117648.33
27-Jul-2025,117947.26
28-Jul-2025,119461.83
29-Jul-2025,118037.15
30-Jul-2025,117925.55
31-Jul-2025,117828.87
01-Aug-2025,115754.1
02-Aug-2025,113262.81
03-Aug-2025,112521.7
04-Aug-2025,114226.86
05-Aug-2025,115068.27
06-Aug-2025,114138.05
07-Aug-2025,115024.46
08-Aug-2025,117510.56
09-Aug-2025,116676.54
10-Aug-2025,116485.38
11-Aug-2025,119295.42
12-Aug-2025,118715.93
13-Aug-2025,120169.3
14-Aug-2025,123359.45
15-Aug-2025,118387.9
16-Aug-2025,117419.5
17-Aug-2025,117484.12
18-Aug-2025,117455.5
19-Aug-2025,116251.12
20-Aug-2025,112816.34
21-Aug-2025,114263.31
22-Aug-2025,112432.68
23-Aug-2025,116866.95
24-Aug-2025,115372.47
25-Aug-2025,113468.36
26-Aug-2025,110138.68
27-Aug-2025,111803.49
28-Aug-2025,111252.32
29-Aug-2025,112572.88
30-Aug-2025,108370.55
31-Aug-2025,108790.79
01-Sep-2025,108234.82
02-Sep-2025,109250.51
03-Sep-2025,111202.95
04-Sep-2025,111737.55
05-Sep-2025,110732.71
